TargetName,ClickLat,ClickLon,UserClass1,ClickLatDMS,ClickLonDMS
Contact0008,48.04672815,-63.60283333,,"48° 02' 48.22"" N","063° 36' 10.19"" W"
Contact0009,48.04622357,-63.59236443,,"48° 02' 46.40"" N","063° 35' 32.51"" W"
Contact0010,48.04799591,-63.55765826,C+,"48° 02' 52.78"" N","063° 33' 27.56"" W"
Contact0011,48.04780803,-63.54416357,,"48° 02' 52.10"" N","063° 32' 38.98"" W"
Contact0012,48.04705689,-63.51842196,,"48° 02' 49.40"" N","063° 31' 06.31"" W"
Contact0013,48.04849847,-63.51693907,,"48° 02' 54.59"" N","063° 31' 00.98"" W"
Contact0014,48.04707843,-63.51474716,C,"48° 02' 49.48"" N","063° 30' 53.08"" W"
Contact0015,48.04826406,-63.51366303,,"48° 02' 53.75"" N","063° 30' 49.18"" W"
Contact0016,48.04518072,-63.65570596,,"48° 02' 42.65"" N","063° 39' 20.54"" W"
Contact0017,48.04587432,-63.64677372,,"48° 02' 45.14"" N","063° 38' 48.38"" W"
Contact0018,48.04429554,-63.63797999,C,"48° 02' 39.46"" N","063° 38' 16.72"" W"
Contact0019,48.04455045,-63.62375451,,"48° 02' 40.38"" N","063° 37' 25.51"" W"
Contact0020,48.04377269,-63.61906768,C,"48° 02' 37.58"" N","063° 37' 08.64"" W"
Contact0021,48.04401028,-63.59555984,C+,"48° 02' 38.43"" N","063° 35' 44.01"" W"
Contact0022,48.04355536,-63.5851484,,"48° 02' 36.79"" N","063° 35' 06.53"" W"
Contact0023,48.04550202,-63.5833925,,"48° 02' 43.80"" N","063° 35' 00.21"" W"
Contact0024,48.04401592,-63.5788969,,"48° 02' 38.45"" N","063° 34' 44.02"" W"
Contact0025,48.04487705,-63.55039285,C,"48° 02' 41.55"" N","063° 33' 01.41"" W"
Contact0026,48.04381666,-63.54427725,,"48° 02' 37.73"" N","063° 32' 39.39"" W"
Contact0027,48.04441436,-63.53897345,C,"48° 02' 39.89"" N","063° 32' 20.30"" W"
Contact0028,48.04462652,-63.53147883,,"48° 02' 40.65"" N","063° 31' 53.32"" W"
Contact0029,48.04398964,-63.52802097,C,"48° 02' 38.36"" N","063° 31' 40.87"" W"
Contact0030,48.04525824,-63.52473495,,"48° 02' 42.92"" N","063° 31' 29.04"" W"
Contact0031,48.04430387,-63.51373452,,"48° 02' 39.49"" N","063° 30' 49.44"" W"
Contact0032,48.04561649,-63.50765991,,"48° 02' 44.21"" N","063° 30' 27.57"" W"
Contact0033,48.04618313,-63.50377032,,"48° 02' 46.25"" N","063° 30' 13.57"" W"
Contact0034,48.0429918,-63.49870624,C+,"48° 02' 34.77"" N","063° 29' 55.34"" W"
Contact0035,48.04317514,-63.49928289,,"48° 02' 35.43"" N","063° 29' 57.41"" W"
Contact0036,48.04298882,-63.49928448,,"48° 02' 34.75"" N","063° 29' 57.42"" W"
Contact0037,48.04350545,-63.49949027,,"48° 02' 36.61"" N","063° 29' 58.16"" W"
Contact0038,48.04161166,-63.49870011,,"48° 02' 29.80"" N","063° 29' 55.32"" W"
Contact0039,48.04222568,-63.50666149,,"48° 02' 32.01"" N","063° 30' 23.98"" W"
Contact0040,48.04207891,-63.50818861,C,"48° 02' 31.48"" N","063° 30' 29.47"" W"
Contact0041,48.04329038,-63.51186728,,"48° 02' 35.84"" N","063° 30' 42.72"" W"
Contact0042,48.04152864,-63.51324759,C,"48° 02' 29.50"" N","063° 30' 47.69"" W"
Contact0043,48.0426905,-63.51594651,C,"48° 02' 33.68"" N","063° 30' 57.40"" W"
Contact0044,48.04223117,-63.52488051,,"48° 02' 32.03"" N","063° 31' 29.56"" W"
Contact0045,48.04292301,-63.52529741,,"48° 02' 34.52"" N","063° 31' 31.07"" W"
Contact0046,48.04287285,-63.52614475,,"48° 02' 34.34"" N","063° 31' 34.12"" W"
Contact0047,48.04292281,-63.53229935,C+,"48° 02' 34.52"" N","063° 31' 56.27"" W"
Contact0048,48.04195147,-63.53939262,,"48° 02' 31.02"" N","063° 32' 21.81"" W"
Contact0049,48.04140668,-63.54306478,,"48° 02' 29.06"" N","063° 32' 35.03"" W"
Contact0050,48.04192151,-63.54974578,,"48° 02' 30.91"" N","063° 32' 59.08"" W"
Contact0051,48.04129452,-63.55099873,,"48° 02' 28.66"" N","063° 33' 03.59"" W"
Contact0052,48.04332965,-63.57826903,C+,"48° 02' 35.98"" N","063° 34' 41.76"" W"
Contact0053,48.04297152,-63.57984944,C+,"48° 02' 34.69"" N","063° 34' 47.45"" W"
Contact0054,48.04313071,-63.57959293,C+,"48° 02' 35.27"" N","063° 34' 46.53"" W"
Contact0055,48.04105682,-63.58214328,C+,"48° 02' 27.80"" N","063° 34' 55.71"" W"
Contact0056,48.04303394,-63.59010351,,"48° 02' 34.92"" N","063° 35' 24.37"" W"
Contact0057,48.04203195,-63.59402305,,"48° 02' 31.31"" N","063° 35' 38.48"" W"
Contact0058,48.04160079,-63.59325192,C+,"48° 02' 29.76"" N","063° 35' 35.70"" W"
Contact0059,48.04321044,-63.59221574,,"48° 02' 35.55"" N","063° 35' 31.97"" W"
Contact0060,48.04148027,-63.59637644,,"48° 02' 29.32"" N","063° 35' 46.95"" W"
Contact0061,48.0415061,-63.61635224,C+,"48° 02' 29.42"" N","063° 36' 58.86"" W"
Contact0062,48.04318457,-63.61713457,C,"48° 02' 35.46"" N","063° 37' 01.68"" W"
Contact0063,48.04239583,-63.62036577,,"48° 02' 32.62"" N","063° 37' 13.31"" W"
Contact0064,48.04238129,-63.62244286,,"48° 02' 32.57"" N","063° 37' 20.79"" W"
Contact0065,48.04132669,-63.62570686,C,"48° 02' 28.77"" N","063° 37' 32.54"" W"
Contact0066,48.04093626,-63.62335867,C+,"48° 02' 27.37"" N","063° 37' 24.09"" W"
Contact0067,48.04120134,-63.62220283,C+,"48° 02' 28.32"" N","063° 37' 19.93"" W"
Contact0068,48.04226822,-63.62289825,C,"48° 02' 32.16"" N","063° 37' 22.43"" W"
Contact0069,48.04096203,-63.62378397,C,"48° 02' 27.46"" N","063° 37' 25.62"" W"
Contact0070,48.04234555,-63.62527855,C,"48° 02' 32.44"" N","063° 37' 31.00"" W"
Contact0071,48.04091348,-63.6277735,,"48° 02' 27.28"" N","063° 37' 39.98"" W"
Contact0072,48.04198281,-63.63248347,C+,"48° 02' 31.13"" N","063° 37' 56.94"" W"
Contact0073,48.04316291,-63.63335081,C+,"48° 02' 35.38"" N","063° 38' 00.06"" W"
Contact0074,48.04153311,-63.63431206,C,"48° 02' 29.51"" N","063° 38' 03.52"" W"
Contact0075,48.04324882,-63.63432585,C,"48° 02' 35.69"" N","063° 38' 03.57"" W"
Contact0076,48.04295079,-63.63559208,,"48° 02' 34.62"" N","063° 38' 08.13"" W"
Contact0077,48.04312087,-63.63724465,C,"48° 02' 35.23"" N","063° 38' 14.08"" W"
Contact0078,48.04093018,-63.639554,C,"48° 02' 27.34"" N","063° 38' 22.39"" W"
Contact0079,48.04302148,-63.64131841,,"48° 02' 34.87"" N","063° 38' 28.74"" W"
Contact0080,48.0409016,-63.64136674,,"48° 02' 27.24"" N","063° 38' 28.92"" W"
Contact0081,48.04007952,-63.65610199,,"48° 02' 24.28"" N","063° 39' 21.96"" W"
Contact0082,48.03853316,-63.65498831,C,"48° 02' 18.71"" N","063° 39' 17.95"" W"
Contact0083,48.03927483,-63.65014518,C,"48° 02' 21.38"" N","063° 39' 00.52"" W"
Contact0084,48.03922614,-63.6461559,C,"48° 02' 21.21"" N","063° 38' 46.16"" W"
Contact0085,48.03869236,-63.64536552,C,"48° 02' 19.29"" N","063° 38' 43.31"" W"
Contact0086,48.03897549,-63.64440315,C,"48° 02' 20.31"" N","063° 38' 39.85"" W"
Contact0087,48.0384913,-63.64331994,,"48° 02' 18.56"" N","063° 38' 35.95"" W"
Contact0088,48.03897704,-63.64294865,C,"48° 02' 20.31"" N","063° 38' 34.61"" W"
Contact0089,48.04014241,-63.64242495,C+,"48° 02' 24.51"" N","063° 38' 32.72"" W"
Contact0090,48.04025321,-63.64244318,C+,"48° 02' 24.91"" N","063° 38' 32.79"" W"
Contact0091,48.04084385,-63.64051761,,"48° 02' 27.03"" N","063° 38' 25.86"" W"
Contact0092,48.03937265,-63.63815519,C+,"48° 02' 21.74"" N","063° 38' 17.35"" W"
Contact0093,48.04033001,-63.63890289,,"48° 02' 25.18"" N","063° 38' 20.05"" W"
Contact0094,48.04058254,-63.63715582,,"48° 02' 26.09"" N","063° 38' 13.76"" W"
Contact0095,48.03930324,-63.63433203,,"48° 02' 21.49"" N","063° 38' 03.59"" W"
Contact0096,48.03956326,-63.63370082,,"48° 02' 22.42"" N","063° 38' 01.32"" W"
Contact0097,48.03932936,-63.63259628,,"48° 02' 21.58"" N","063° 37' 57.34"" W"
Contact0098,48.03908856,-63.63098853,C,"48° 02' 20.71"" N","063° 37' 51.55"" W"
Contact0099,48.03955382,-63.63062511,,"48° 02' 22.39"" N","063° 37' 50.25"" W"
Contact0100,48.03879964,-63.62879409,,"48° 02' 19.67"" N","063° 37' 43.65"" W"
Contact0101,48.03921457,-63.62077344,,"48° 02' 21.17"" N","063° 37' 14.78"" W"
Contact0102,48.03993706,-63.61864599,,"48° 02' 23.77"" N","063° 37' 07.12"" W"
Contact0103,48.04088221,-63.61168433,,"48° 02' 27.17"" N","063° 36' 42.06"" W"
Contact0104,48.04042611,-63.60817977,,"48° 02' 25.53"" N","063° 36' 29.44"" W"
Contact0105,48.03903556,-63.60013232,,"48° 02' 20.52"" N","063° 36' 00.47"" W"
Contact0106,48.03950303,-63.60101952,,"48° 02' 22.21"" N","063° 36' 03.67"" W"
Contact0107,48.03868625,-63.58908573,C,"48° 02' 19.27"" N","063° 35' 20.70"" W"
Contact0108,48.03989398,-63.57889915,,"48° 02' 23.61"" N","063° 34' 44.03"" W"
Contact0109,48.03933685,-63.5715629,,"48° 02' 21.61"" N","063° 34' 17.62"" W"
Contact0110,48.03885183,-63.56795494,,"48° 02' 19.86"" N","063° 34' 04.63"" W"
Contact0111,48.03893206,-63.55807503,,"48° 02' 20.15"" N","063° 33' 29.07"" W"
Contact0112,48.0408578,-63.54693843,C,"48° 02' 27.08"" N","063° 32' 48.97"" W"
Contact0113,48.04021185,-63.54661792,,"48° 02' 24.76"" N","063° 32' 47.82"" W"
Contact0114,48.04073623,-63.54579371,,"48° 02' 26.65"" N","063° 32' 44.85"" W"
Contact0115,48.03926004,-63.54349697,,"48° 02' 21.33"" N","063° 32' 36.58"" W"
Contact0116,48.04061001,-63.54189463,,"48° 02' 26.19"" N","063° 32' 30.82"" W"
Contact0117,48.04055438,-63.53606556,,"48° 02' 25.99"" N","063° 32' 09.83"" W"
Contact0118,48.04045279,-63.53537265,,"48° 02' 25.63"" N","063° 32' 07.34"" W"
Contact0119,48.04074266,-63.53318175,,"48° 02' 26.67"" N","063° 31' 59.45"" W"
Contact0120,48.0387261,-63.53034769,C+,"48° 02' 19.41"" N","063° 31' 49.25"" W"
Contact0121,48.03860171,-63.53093637,,"48° 02' 18.96"" N","063° 31' 51.37"" W"
Contact0122,48.03877056,-63.52516608,,"48° 02' 19.57"" N","063° 31' 30.59"" W"
Contact0123,48.03908664,-63.51653827,,"48° 02' 20.71"" N","063° 30' 59.53"" W"
Contact0124,48.03891384,-63.50870581,C+,"48° 02' 20.08"" N","063° 30' 31.34"" W"
Contact0125,48.0399917,-63.50861941,C+,"48° 02' 23.97"" N","063° 30' 31.02"" W"
Contact0126,48.03799418,-63.49886178,,"48° 02' 16.77"" N","063° 29' 55.90"" W"
Contact0127,48.03773713,-63.49893959,,"48° 02' 15.85"" N","063° 29' 56.18"" W"
Contact0128,48.03781606,-63.50847308,,"48° 02' 16.13"" N","063° 30' 30.50"" W"
Contact0129,48.03666373,-63.51885706,,"48° 02' 11.98"" N","063° 31' 07.88"" W"
Contact0130,48.038513,-63.50925726,,"48° 02' 18.64"" N","063° 30' 33.32"" W"
Contact0131,48.03660698,-63.51416022,C,"48° 02' 11.78"" N","063° 30' 50.97"" W"
Contact0132,48.03812617,-63.54412163,C+,"48° 02' 17.25"" N","063° 32' 38.83"" W"
Contact0133,48.03618804,-63.54989037,C,"48° 02' 10.27"" N","063° 32' 59.60"" W"
Contact0134,48.03794009,-63.55290665,,"48° 02' 16.58"" N","063° 33' 10.46"" W"
Contact0135,48.03589066,-63.56126982,,"48° 02' 09.20"" N","063° 33' 40.57"" W"
Contact0136,48.03786799,-63.57515088,C+,"48° 02' 16.32"" N","063° 34' 30.54"" W"
Contact0137,48.03780643,-63.57552134,C+,"48° 02' 16.10"" N","063° 34' 31.87"" W"
Contact0138,48.03750813,-63.58054275,,"48° 02' 15.02"" N","063° 34' 49.95"" W"
Contact0139,48.0368653,-63.5945514,,"48° 02' 12.71"" N","063° 35' 40.38"" W"
Contact0140,48.03696937,-63.6248595,C,"48° 02' 13.08"" N","063° 37' 29.49"" W"
Contact0141,48.03782611,-63.62262989,C,"48° 02' 16.17"" N","063° 37' 21.46"" W"
Contact0142,48.03604481,-63.62850304,,"48° 02' 09.76"" N","063° 37' 42.61"" W"
Contact0143,48.03540459,-63.6278025,,"48° 02' 07.45"" N","063° 37' 40.08"" W"
Contact0144,48.0360423,-63.62982424,,"48° 02' 09.75"" N","063° 37' 47.36"" W"
Contact0145,48.0370777,-63.63400228,,"48° 02' 13.47"" N","063° 38' 02.40"" W"
Contact0146,48.03718174,-63.66538379,,"48° 02' 13.85"" N","063° 39' 55.38"" W"
Contact0147,48.0374801,-63.6506426,,"48° 02' 14.92"" N","063° 39' 02.31"" W"
Contact0148,48.0340931,-63.65289764,,"48° 02' 02.73"" N","063° 39' 10.43"" W"
Contact0149,48.03544323,-63.65076627,C,"48° 02' 07.59"" N","063° 39' 02.75"" W"
Contact0150,48.03334879,-63.64912421,C+,"48° 02' 00.05"" N","063° 38' 56.84"" W"
Contact0151,48.03486751,-63.6423541,,"48° 02' 05.52"" N","063° 38' 32.47"" W"
Contact0152,48.03324129,-63.64050705,C+,"48° 01' 59.66"" N","063° 38' 25.82"" W"
Contact0153,48.0330676,-63.63955731,C+,"48° 01' 59.04"" N","063° 38' 22.40"" W"
Contact0154,48.03354586,-63.63838477,C,"48° 02' 00.76"" N","063° 38' 18.18"" W"
Contact0155,48.03480034,-63.63363229,C,"48° 02' 05.28"" N","063° 38' 01.07"" W"
Contact0156,48.03296063,-63.63047478,C,"48° 01' 58.65"" N","063° 37' 49.70"" W"
Contact0157,48.03466889,-63.62804093,C,"48° 02' 04.80"" N","063° 37' 40.94"" W"
Contact0158,48.03359079,-63.62683891,,"48° 02' 00.92"" N","063° 37' 36.62"" W"
Contact0159,48.03508117,-63.62430903,,"48° 02' 06.29"" N","063° 37' 27.51"" W"
Contact0160,48.03490997,-63.6245015,C+,"48° 02' 05.67"" N","063° 37' 28.20"" W"
Contact0161,48.03303418,-63.62419859,C+,"48° 01' 58.92"" N","063° 37' 27.11"" W"
Contact0162,48.03336622,-63.62132051,,"48° 02' 00.11"" N","063° 37' 16.75"" W"
Contact0163,48.03375705,-63.59740237,,"48° 02' 01.52"" N","063° 35' 50.64"" W"
Contact0164,48.03403963,-63.59187158,C,"48° 02' 02.54"" N","063° 35' 30.73"" W"
Contact0165,48.03495928,-63.58823384,,"48° 02' 05.85"" N","063° 35' 17.64"" W"
Contact0166,48.03469211,-63.58604893,,"48° 02' 04.89"" N","063° 35' 09.77"" W"
Contact0167,48.03557502,-63.58516139,,"48° 02' 08.07"" N","063° 35' 06.58"" W"
Contact0168,48.03402981,-63.57864509,,"48° 02' 02.50"" N","063° 34' 43.12"" W"
Contact0169,48.03515006,-63.57751082,,"48° 02' 06.54"" N","063° 34' 39.03"" W"
Contact0170,48.03413672,-63.57445985,C,"48° 02' 02.89"" N","063° 34' 28.05"" W"
Contact0171,48.033548,-63.57185903,,"48° 02' 00.77"" N","063° 34' 18.69"" W"
Contact0172,48.03452638,-63.54032559,,"48° 02' 04.29"" N","063° 32' 25.17"" W"
Contact0173,48.03403561,-63.53635969,C,"48° 02' 02.52"" N","063° 32' 10.89"" W"
Contact0174,48.03426143,-63.53556263,,"48° 02' 03.34"" N","063° 32' 08.02"" W"
Contact0175,48.03411766,-63.53222706,C+,"48° 02' 02.82"" N","063° 31' 56.01"" W"
Contact0176,48.03427273,-63.52697733,,"48° 02' 03.38"" N","063° 31' 37.11"" W"
Contact0177,48.03530553,-63.5276753,C,"48° 02' 07.09"" N","063° 31' 39.63"" W"
Contact0178,48.03563181,-63.52514504,C,"48° 02' 08.27"" N","063° 31' 30.52"" W"
Contact0179,48.03533016,-63.5175358,C+,"48° 02' 07.18"" N","063° 31' 03.12"" W"
Contact0180,48.03408125,-63.51966039,,"48° 02' 02.69"" N","063° 31' 10.77"" W"
Contact0181,48.03437567,-63.5179667,,"48° 02' 03.75"" N","063° 31' 04.68"" W"
Contact0182,48.03542462,-63.51182143,,"48° 02' 07.52"" N","063° 30' 42.55"" W"
Contact0183,48.03557898,-63.50378143,C,"48° 02' 08.08"" N","063° 30' 13.61"" W"
Contact0184,48.03119667,-63.51978826,,"48° 01' 52.30"" N","063° 31' 11.23"" W"
Contact0185,48.03236182,-63.52936949,,"48° 01' 56.50"" N","063° 31' 45.73"" W"
Contact0186,48.03174757,-63.52990483,,"48° 01' 54.29"" N","063° 31' 47.65"" W"
Contact0187,48.03275207,-63.53654255,,"48° 01' 57.90"" N","063° 32' 11.55"" W"
Contact0188,48.03318409,-63.53857159,,"48° 01' 59.46"" N","063° 32' 18.85"" W"
Contact0189,48.03272566,-63.54656354,C+,"48° 01' 57.81"" N","063° 32' 47.62"" W"
Contact0190,48.0328636,-63.54904595,,"48° 01' 58.30"" N","063° 32' 56.56"" W"
Contact0191,48.03294124,-63.55215378,,"48° 01' 58.58"" N","063° 33' 07.75"" W"
Contact0192,48.03240534,-63.5640868,C,"48° 01' 56.65"" N","063° 33' 50.71"" W"
Contact0193,48.0321676,-63.57001212,,"48° 01' 55.80"" N","063° 34' 12.04"" W"
Contact0194,48.0311886,-63.56954966,,"48° 01' 52.27"" N","063° 34' 10.37"" W"
Contact0195,48.03156797,-63.57369364,,"48° 01' 53.64"" N","063° 34' 25.29"" W"
Contact0196,48.0322831,-63.5784114,,"48° 01' 56.21"" N","063° 34' 42.28"" W"
Contact0197,48.03148704,-63.59955524,,"48° 01' 53.35"" N","063° 35' 58.39"" W"
Contact0198,48.03084733,-63.60264835,,"48° 01' 51.05"" N","063° 36' 09.53"" W"
Contact0199,48.03233534,-63.620081,C,"48° 01' 56.40"" N","063° 37' 12.29"" W"
Contact0200,48.03243165,-63.62665709,,"48° 01' 56.75"" N","063° 37' 35.96"" W"
Contact0201,48.03121672,-63.63057676,C+,"48° 01' 52.38"" N","063° 37' 50.07"" W"
Contact0202,48.03122261,-63.63074431,,"48° 01' 52.40"" N","063° 37' 50.67"" W"
Contact0203,48.03260643,-63.63847597,C+,"48° 01' 57.38"" N","063° 38' 18.51"" W"
Contact0204,48.0324351,-63.64088379,,"48° 01' 56.76"" N","063° 38' 27.18"" W"
Contact0205,48.03096721,-63.64162098,,"48° 01' 51.48"" N","063° 38' 29.83"" W"
Contact0206,48.0332298,-63.64578143,,"48° 01' 59.62"" N","063° 38' 44.81"" W"
Contact0207,48.03301619,-63.64888844,C,"48° 01' 58.85"" N","063° 38' 55.99"" W"
Contact0208,48.03233702,-63.65060339,,"48° 01' 56.41"" N","063° 39' 02.17"" W"
Contact0209,48.03074654,-63.65370311,,"48° 01' 50.68"" N","063° 39' 13.33"" W"
Contact0210,48.02952284,-63.66013426,C+,"48° 01' 46.28"" N","063° 39' 36.48"" W"
Contact0211,48.03016581,-63.65307225,C+,"48° 01' 48.59"" N","063° 39' 11.06"" W"
Contact0212,48.02886647,-63.65099433,C+,"48° 01' 43.91"" N","063° 39' 03.57"" W"
Contact0213,48.03029326,-63.64620389,C+,"48° 01' 49.05"" N","063° 38' 46.33"" W"
Contact0214,48.02987988,-63.64541614,,"48° 01' 47.56"" N","063° 38' 43.49"" W"
Contact0215,48.02873897,-63.63538954,,"48° 01' 43.46"" N","063° 38' 07.40"" W"
Contact0216,48.02861246,-63.6332233,C+,"48° 01' 43.00"" N","063° 37' 59.60"" W"
Contact0217,48.03012765,-63.63114856,,"48° 01' 48.45"" N","063° 37' 52.13"" W"
Contact0218,48.02906868,-63.62831687,,"48° 01' 44.64"" N","063° 37' 41.94"" W"
Contact0219,48.02997263,-63.62635587,,"48° 01' 47.90"" N","063° 37' 34.88"" W"
Contact0220,48.02866029,-63.60890788,C,"48° 01' 43.17"" N","063° 36' 32.06"" W"
Contact0221,48.03075359,-63.58114221,,"48° 01' 50.71"" N","063° 34' 52.11"" W"
Contact0222,48.03039601,-63.58198457,,"48° 01' 49.42"" N","063° 34' 55.14"" W"
Contact0223,48.03030676,-63.57735649,C,"48° 01' 49.10"" N","063° 34' 38.48"" W"
Contact0224,48.02886505,-63.57857793,,"48° 01' 43.91"" N","063° 34' 42.88"" W"
Contact0225,48.03060073,-63.57493319,,"48° 01' 50.16"" N","063° 34' 29.75"" W"
Contact0226,48.0289191,-63.57299656,,"48° 01' 44.10"" N","063° 34' 22.78"" W"
Contact0227,48.02846377,-63.57097856,,"48° 01' 42.46"" N","063° 34' 15.52"" W"
Contact0228,48.02862452,-63.56683155,,"48° 01' 43.04"" N","063° 34' 00.59"" W"
Contact0229,48.02872263,-63.56159751,,"48° 01' 43.40"" N","063° 33' 41.75"" W"
Contact0230,48.03024107,-63.55345653,C,"48° 01' 48.86"" N","063° 33' 12.44"" W"
Contact0231,48.03052945,-63.55263017,C,"48° 01' 49.90"" N","063° 33' 09.46"" W"
Contact0232,48.02901226,-63.55281671,,"48° 01' 44.44"" N","063° 33' 10.14"" W"
Contact0233,48.03027948,-63.54824606,,"48° 01' 49.00"" N","063° 32' 53.68"" W"
Contact0234,48.02806018,-63.56483243,C,"48° 01' 41.01"" N","063° 33' 53.39"" W"
Contact0235,48.02985251,-63.5768046,C,"48° 01' 47.46"" N","063° 34' 36.49"" W"
Contact0236,48.02720015,-63.50027781,,"48° 01' 37.92"" N","063° 30' 01.00"" W"
Contact0237,48.02660087,-63.50169122,,"48° 01' 35.76"" N","063° 30' 06.08"" W"
Contact0238,48.02623558,-63.50602967,C,"48° 01' 34.44"" N","063° 30' 21.70"" W"
Contact0239,48.02792215,-63.5088773,,"48° 01' 40.51"" N","063° 30' 31.95"" W"
Contact0240,48.02728324,-63.51131696,,"48° 01' 38.21"" N","063° 30' 40.74"" W"
Contact0241,48.02648885,-63.51380902,C,"48° 01' 35.35"" N","063° 30' 49.71"" W"
Contact0242,48.02716304,-63.51365836,,"48° 01' 37.78"" N","063° 30' 49.17"" W"
Contact0243,48.0266913,-63.51425846,,"48° 01' 36.08"" N","063° 30' 51.33"" W"
Contact0244,48.02615834,-63.52224484,C,"48° 01' 34.17"" N","063° 31' 20.08"" W"
Contact0245,48.02617334,-63.52879846,C,"48° 01' 34.22"" N","063° 31' 43.67"" W"
Contact0246,48.02767808,-63.53219779,,"48° 01' 39.64"" N","063° 31' 55.91"" W"
Contact0247,48.02815166,-63.53563634,,"48° 01' 41.34"" N","063° 32' 08.29"" W"
Contact0248,48.02642753,-63.54019449,,"48° 01' 35.13"" N","063° 32' 24.70"" W"
Contact0249,48.02798326,-63.54399322,,"48° 01' 40.73"" N","063° 32' 38.37"" W"
Contact0250,48.02642858,-63.56917666,,"48° 01' 35.14"" N","063° 34' 09.03"" W"
Contact0251,48.02607292,-63.5751405,,"48° 01' 33.86"" N","063° 34' 30.50"" W"
Contact0252,48.02730888,-63.5901805,,"48° 01' 38.31"" N","063° 35' 24.64"" W"
Contact0253,48.02594173,-63.62642166,C+,"48° 01' 33.39"" N","063° 37' 35.11"" W"
Contact0254,48.02632358,-63.62712964,C+,"48° 01' 34.76"" N","063° 37' 37.66"" W"
Contact0255,48.02705587,-63.64426252,,"48° 01' 37.40"" N","063° 38' 39.34"" W"
Contact0256,48.02743482,-63.64167206,,"48° 01' 38.76"" N","063° 38' 30.01"" W"
Contact0257,48.02701548,-63.64499519,,"48° 01' 37.25"" N","063° 38' 41.98"" W"
Contact0258,48.02736312,-63.66283977,C,"48° 01' 38.50"" N","063° 39' 46.22"" W"
Contact0259,48.02756154,-63.66334483,C,"48° 01' 39.22"" N","063° 39' 48.04"" W"
Contact0260,48.0232706,-63.50526015,,"48° 01' 23.77"" N","063° 30' 18.93"" W"
Contact0261,48.02135738,-63.50598944,,"48° 01' 16.88"" N","063° 30' 21.56"" W"
Contact0262,48.02147054,-63.50847507,C,"48° 01' 17.29"" N","063° 30' 30.51"" W"
Contact0263,48.02257465,-63.51027162,,"48° 01' 21.26"" N","063° 30' 36.97"" W"
Contact0264,48.02110857,-63.51067893,,"48° 01' 15.99"" N","063° 30' 38.44"" W"
Contact0265,48.0230999,-63.51188488,,"48° 01' 23.15"" N","063° 30' 42.78"" W"
Contact0266,48.02260061,-63.51615229,,"48° 01' 21.36"" N","063° 30' 58.14"" W"
Contact0267,48.02093899,-63.51784468,,"48° 01' 15.38"" N","063° 31' 04.24"" W"
Contact0268,48.02275619,-63.52908888,C,"48° 01' 21.92"" N","063° 31' 44.71"" W"
Contact0269,48.02278928,-63.53004838,C,"48° 01' 22.04"" N","063° 31' 48.17"" W"
Contact0270,48.02159286,-63.5307749,,"48° 01' 17.73"" N","063° 31' 50.78"" W"
Contact0271,48.02313311,-63.53119969,C,"48° 01' 23.27"" N","063° 31' 52.31"" W"
Contact0272,48.0229292,-63.53373844,,"48° 01' 22.54"" N","063° 32' 01.45"" W"
Contact0273,48.02290082,-63.5654835,,"48° 01' 22.44"" N","063° 33' 55.74"" W"
Contact0274,48.02295644,-63.57100581,,"48° 01' 22.64"" N","063° 34' 15.62"" W"
Contact0275,48.02093297,-63.58310719,,"48° 01' 15.35"" N","063° 34' 59.18"" W"
Contact0276,48.02148005,-63.61624525,,"48° 01' 17.32"" N","063° 36' 58.48"" W"
Contact0277,48.02074172,-63.61810407,,"48° 01' 14.67"" N","063° 37' 05.17"" W"
Contact0278,48.02104224,-63.61933108,,"48° 01' 15.75"" N","063° 37' 09.59"" W"
Contact0279,48.02150252,-63.62148891,C,"48° 01' 17.40"" N","063° 37' 17.36"" W"
Contact0280,48.02066563,-63.64260578,C,"48° 01' 14.39"" N","063° 38' 33.38"" W"
Contact0281,48.02111305,-63.64653981,,"48° 01' 16.00"" N","063° 38' 47.54"" W"
Contact0282,48.02135933,-63.65610439,C,"48° 01' 16.89"" N","063° 39' 21.97"" W"
Contact0283,48.01726347,-63.51967366,,"48° 01' 02.14"" N","063° 31' 10.82"" W"
Contact0284,48.01563865,-63.51972974,,"48° 00' 56.29"" N","063° 31' 11.02"" W"
Contact0285,48.01730001,-63.52271093,C,"48° 01' 02.28"" N","063° 31' 21.75"" W"
Contact0286,48.01760728,-63.52449944,,"48° 01' 03.38"" N","063° 31' 28.19"" W"
Contact0287,48.01768282,-63.52772755,,"48° 01' 03.65"" N","063° 31' 39.81"" W"
Contact0288,48.01563664,-63.58283127,C,"48° 00' 56.29"" N","063° 34' 58.19"" W"
Contact0289,48.01738671,-63.59264157,C,"48° 01' 02.59"" N","063° 35' 33.50"" W"
Contact0290,48.01642365,-63.59954769,,"48° 00' 59.12"" N","063° 35' 58.37"" W"
Contact0291,48.017168,-63.6039417,,"48° 01' 01.80"" N","063° 36' 14.19"" W"
Contact0292,48.01566347,-63.6069661,,"48° 00' 56.38"" N","063° 36' 25.07"" W"
Contact0293,48.01560032,-63.62023426,,"48° 00' 56.16"" N","063° 37' 12.84"" W"
Contact0294,48.0173895,-63.62933525,,"48° 01' 02.60"" N","063° 37' 45.60"" W"
Contact0295,48.01729772,-63.62853701,,"48° 01' 02.27"" N","063° 37' 42.73"" W"
Contact0296,48.01645421,-63.57251424,,"48° 00' 59.23"" N","063° 34' 21.05"" W"
Contact0297,48.01804398,-63.57863293,C,"48° 01' 04.95"" N","063° 34' 43.07"" W"
Contact0298,48.01606929,-63.57886354,,"48° 00' 57.84"" N","063° 34' 43.90"" W"
Contact0299,48.01768872,-63.57945769,C,"48° 01' 03.67"" N","063° 34' 46.04"" W"
Contact0300,48.01573376,-63.5829764,C+,"48° 00' 56.64"" N","063° 34' 58.71"" W"
Contact0301,48.01589458,-63.60923989,C,"48° 00' 57.22"" N","063° 36' 33.26"" W"
Contact0302,48.0164543,-63.61195283,,"48° 00' 59.23"" N","063° 36' 43.03"" W"
Contact0303,48.01800965,-63.61150775,C,"48° 01' 04.83"" N","063° 36' 41.42"" W"
Contact0304,48.01552217,-63.61270113,C,"48° 00' 55.87"" N","063° 36' 45.72"" W"
Contact0305,48.01565682,-63.61903641,C,"48° 00' 56.36"" N","063° 37' 08.53"" W"
Contact0306,48.01792929,-63.62088068,C,"48° 01' 04.54"" N","063° 37' 15.17"" W"
Contact0307,48.01772811,-63.62237498,C,"48° 01' 03.82"" N","063° 37' 20.54"" W"
Contact0308,48.01769683,-63.63317495,,"48° 01' 03.70"" N","063° 37' 59.42"" W"
Contact0309,48.01633594,-63.63627081,,"48° 00' 58.80"" N","063° 38' 10.57"" W"
Contact0310,48.01654809,-63.63690635,,"48° 00' 59.57"" N","063° 38' 12.86"" W"
Contact0311,48.01653612,-63.63602484,,"48° 00' 59.53"" N","063° 38' 09.68"" W"
Contact0312,48.01552598,-63.63855633,,"48° 00' 55.89"" N","063° 38' 18.80"" W"
Contact0313,48.01704872,-63.63811815,,"48° 01' 01.37"" N","063° 38' 17.22"" W"
Contact0314,48.01772868,-63.63973006,C+,"48° 01' 03.82"" N","063° 38' 23.02"" W"
Contact0315,48.01589807,-63.64206144,,"48° 00' 57.23"" N","063° 38' 31.42"" W"
Contact0316,48.01607165,-63.64178084,C,"48° 00' 57.85"" N","063° 38' 30.41"" W"
Contact0317,48.01740923,-63.6434397,,"48° 01' 02.67"" N","063° 38' 36.38"" W"
Contact0318,48.01540588,-63.64742957,C,"48° 00' 55.46"" N","063° 38' 50.74"" W"
Contact0319,48.01601878,-63.65065097,,"48° 00' 57.66"" N","063° 39' 02.34"" W"
Contact0320,48.01730189,-63.6534484,C,"48° 01' 02.28"" N","063° 39' 12.41"" W"
Contact0321,48.01752182,-63.65335817,C,"48° 01' 03.07"" N","063° 39' 12.08"" W"
Contact0322,48.0163078,-63.6574857,,"48° 00' 58.70"" N","063° 39' 26.94"" W"
Contact0323,48.0159026,-63.66140213,C,"48° 00' 57.24"" N","063° 39' 41.04"" W"
Contact0324,48.01513284,-63.65068896,C,"48° 00' 54.47"" N","063° 39' 02.48"" W"
Contact0325,48.01509316,-63.63857206,C,"48° 00' 54.33"" N","063° 38' 18.85"" W"
Contact0326,48.015097,-63.6386517,C,"48° 00' 54.34"" N","063° 38' 19.14"" W"
Contact0327,48.01497743,-63.63859123,C,"48° 00' 53.91"" N","063° 38' 18.92"" W"
Contact0328,48.01498374,-63.63042769,C,"48° 00' 53.94"" N","063° 37' 49.53"" W"
Contact0329,48.01337031,-63.62970928,C,"48° 00' 48.13"" N","063° 37' 46.95"" W"
Contact0330,48.01476266,-63.62566635,C,"48° 00' 53.14"" N","063° 37' 32.39"" W"
Contact0331,48.01407069,-63.62402401,,"48° 00' 50.65"" N","063° 37' 26.48"" W"
Contact0332,48.01394543,-63.6211702,,"48° 00' 50.20"" N","063° 37' 16.21"" W"
Contact0333,48.01552599,-63.61907455,,"48° 00' 55.89"" N","063° 37' 08.66"" W"
Contact0334,48.01488736,-63.6172755,,"48° 00' 53.59"" N","063° 37' 02.19"" W"
Contact0335,48.01523218,-63.60900049,C+,"48° 00' 54.83"" N","063° 36' 32.40"" W"
Contact0336,48.0150899,-63.60537055,C,"48° 00' 54.32"" N","063° 36' 19.33"" W"
Contact0337,48.01472891,-63.60440074,C+,"48° 00' 53.02"" N","063° 36' 15.84"" W"
Contact0338,48.01381286,-63.60099168,C+,"48° 00' 49.72"" N","063° 36' 03.57"" W"
Contact0339,48.01527487,-63.59956648,,"48° 00' 54.98"" N","063° 35' 58.43"" W"
Contact0340,48.01529788,-63.59651543,C,"48° 00' 55.07"" N","063° 35' 47.45"" W"
Contact0341,48.01490818,-63.58857567,,"48° 00' 53.66"" N","063° 35' 18.87"" W"
Contact0342,48.0149383,-63.58842948,,"48° 00' 53.77"" N","063° 35' 18.34"" W"
Contact0343,48.01365689,-63.58580346,C,"48° 00' 49.16"" N","063° 35' 08.89"" W"
Contact0344,48.01549021,-63.5847325,,"48° 00' 55.76"" N","063° 35' 05.03"" W"
Contact0345,48.01586376,-63.58272611,C+,"48° 00' 57.10"" N","063° 34' 57.81"" W"
Contact0346,48.01423182,-63.58184928,C,"48° 00' 51.23"" N","063° 34' 54.65"" W"
Contact0347,48.01361259,-63.57935598,,"48° 00' 49.00"" N","063° 34' 45.68"" W"
Contact0348,48.01384124,-63.5719281,,"48° 00' 49.82"" N","063° 34' 18.94"" W"
Contact0349,48.01523752,-63.57182207,,"48° 00' 54.85"" N","063° 34' 18.55"" W"
Contact0350,48.01533737,-63.55216706,,"48° 00' 55.21"" N","063° 33' 07.80"" W"
Contact0351,48.01528523,-63.52268074,C,"48° 00' 55.02"" N","063° 31' 21.65"" W"
Contact0352,48.0156303,-63.52013978,C,"48° 00' 56.26"" N","063° 31' 12.50"" W"
Contact0353,48.01545936,-63.51662643,,"48° 00' 55.65"" N","063° 30' 59.85"" W"
Contact0354,48.01528334,-63.5113391,C,"48° 00' 55.02"" N","063° 30' 40.82"" W"
Contact0355,48.01295604,-63.51190702,C,"48° 00' 46.64"" N","063° 30' 42.86"" W"
Contact0356,48.01090242,-63.52357618,,"48° 00' 39.24"" N","063° 31' 24.87"" W"
Contact0357,48.01331917,-63.53810599,,"48° 00' 47.94"" N","063° 32' 17.18"" W"
Contact0358,48.01297829,-63.54376922,C,"48° 00' 46.72"" N","063° 32' 37.56"" W"
Contact0359,48.01280952,-63.56892863,,"48° 00' 46.11"" N","063° 34' 08.14"" W"
Contact0360,48.01267446,-63.58104567,,"48° 00' 45.62"" N","063° 34' 51.76"" W"
Contact0361,48.01193996,-63.60185556,,"48° 00' 42.98"" N","063° 36' 06.68"" W"
Contact0362,48.01316621,-63.60727174,,"48° 00' 47.39"" N","063° 36' 26.17"" W"
Contact0363,48.01209806,-63.61255612,C,"48° 00' 43.55"" N","063° 36' 45.20"" W"
Contact0364,48.01232363,-63.61983414,,"48° 00' 44.36"" N","063° 37' 11.40"" W"
Contact0365,48.01081045,-63.63550358,C,"48° 00' 38.91"" N","063° 38' 07.81"" W"
Contact0366,48.01127588,-63.63996547,,"48° 00' 40.59"" N","063° 38' 23.87"" W"
Contact0367,48.01283593,-63.6508085,,"48° 00' 46.20"" N","063° 39' 02.91"" W"
Contact0368,48.01256567,-63.6547039,,"48° 00' 45.23"" N","063° 39' 16.93"" W"
Contact0369,48.01115523,-63.65549583,C,"48° 00' 40.15"" N","063° 39' 19.78"" W"
Contact0370,48.01237852,-63.6616745,,"48° 00' 44.56"" N","063° 39' 42.02"" W"
Contact0371,48.00870679,-63.66288462,,"48° 00' 31.34"" N","063° 39' 46.38"" W"
Contact0372,48.00969753,-63.66091616,,"48° 00' 34.91"" N","063° 39' 39.29"" W"
Contact0373,48.00994056,-63.65795068,,"48° 00' 35.78"" N","063° 39' 28.62"" W"
Contact0374,48.00990489,-63.65705804,C+,"48° 00' 35.65"" N","063° 39' 25.40"" W"
Contact0375,48.00838305,-63.64877579,C,"48° 00' 30.17"" N","063° 38' 55.59"" W"
Contact0376,48.00884794,-63.64775467,,"48° 00' 31.85"" N","063° 38' 51.91"" W"
Contact0377,48.00856024,-63.62849168,,"48° 00' 30.81"" N","063° 37' 42.57"" W"
Contact0378,48.00848927,-63.61488115,C,"48° 00' 30.56"" N","063° 36' 53.57"" W"
Contact0379,48.00913037,-63.61397445,C,"48° 00' 32.86"" N","063° 36' 50.30"" W"
Contact0380,48.01058851,-63.61165905,,"48° 00' 38.11"" N","063° 36' 41.97"" W"
Contact0381,48.00990347,-63.59956089,C+,"48° 00' 35.65"" N","063° 35' 58.41"" W"
Contact0382,48.01066033,-63.59200687,,"48° 00' 38.37"" N","063° 35' 31.22"" W"
Contact0383,48.00828166,-63.58722483,C+,"48° 00' 29.81"" N","063° 35' 14.00"" W"
Contact0384,48.00928491,-63.57989867,,"48° 00' 33.42"" N","063° 34' 47.63"" W"
Contact0385,48.00897875,-63.57611077,,"48° 00' 32.32"" N","063° 34' 33.99"" W"
Contact0386,48.00923696,-63.57171053,C,"48° 00' 33.25"" N","063° 34' 18.15"" W"
Contact0387,48.01051965,-63.56217017,,"48° 00' 37.87"" N","063° 33' 43.81"" W"
Contact0388,48.01085976,-63.54722473,,"48° 00' 39.09"" N","063° 32' 50.00"" W"
Contact0389,48.00985643,-63.54340779,,"48° 00' 35.48"" N","063° 32' 36.26"" W"
Contact0390,48.00931663,-63.53863593,,"48° 00' 33.53"" N","063° 32' 19.08"" W"
Contact0391,48.00838514,-63.53688487,,"48° 00' 30.18"" N","063° 32' 12.78"" W"
Contact0392,48.0083991,-63.53367244,,"48° 00' 30.23"" N","063° 32' 01.22"" W"
Contact0393,48.01073667,-63.5314634,,"48° 00' 38.65"" N","063° 31' 53.26"" W"
Contact0394,48.00911103,-63.52340173,,"48° 00' 32.79"" N","063° 31' 24.24"" W"
Contact0395,48.01007427,-63.5068069,C,"48° 00' 36.26"" N","063° 30' 24.50"" W"
Contact0396,48.00757896,-63.50753635,C,"48° 00' 27.28"" N","063° 30' 27.13"" W"
Contact0397,48.00620806,-63.51280013,C,"48° 00' 22.34"" N","063° 30' 46.08"" W"
Contact0398,48.00827945,-63.51351394,C,"48° 00' 29.80"" N","063° 30' 48.65"" W"
Contact0399,48.00614705,-63.5246092,,"48° 00' 22.12"" N","063° 31' 28.59"" W"
Contact0400,48.00807756,-63.5268771,,"48° 00' 29.07"" N","063° 31' 36.75"" W"
Contact0401,48.00751991,-63.53099348,,"48° 00' 27.07"" N","063° 31' 51.57"" W"
Contact0402,48.0060415,-63.53896801,,"48° 00' 21.74"" N","063° 32' 20.28"" W"
Contact0403,48.00773048,-63.54011319,,"48° 00' 27.82"" N","063° 32' 24.40"" W"
Contact0404,48.00807678,-63.54211092,,"48° 00' 29.07"" N","063° 32' 31.59"" W"
Contact0405,48.00750574,-63.54796754,C,"48° 00' 27.02"" N","063° 32' 52.68"" W"
Contact0406,48.00649251,-63.55167829,,"48° 00' 23.37"" N","063° 33' 06.04"" W"
Contact0407,48.00718257,-63.58430189,,"48° 00' 25.85"" N","063° 35' 03.48"" W"
Contact0408,48.00777642,-63.58707443,,"48° 00' 27.99"" N","063° 35' 13.46"" W"
Contact0409,48.00807155,-63.59132742,,"48° 00' 29.05"" N","063° 35' 28.77"" W"
Contact0410,48.00597528,-63.59553516,C,"48° 00' 21.51"" N","063° 35' 43.92"" W"
Contact0411,48.00769206,-63.62566784,,"48° 00' 27.69"" N","063° 37' 32.40"" W"
Contact0412,48.0084397,-63.63242473,C,"48° 00' 30.38"" N","063° 37' 56.72"" W"
Contact0413,48.00769509,-63.63400689,C,"48° 00' 27.70"" N","063° 38' 02.42"" W"
Contact0414,48.00856266,-63.64861844,C,"48° 00' 30.82"" N","063° 38' 55.02"" W"
Contact0415,48.00824759,-63.65325257,,"48° 00' 29.69"" N","063° 39' 11.70"" W"
Contact0416,48.00841415,-63.66035597,,"48° 00' 30.29"" N","063° 39' 37.28"" W"
Contact0417,48.00449735,-63.6608088,,"48° 00' 16.19"" N","063° 39' 38.91"" W"
Contact0418,48.00584985,-63.65915364,C,"48° 00' 21.05"" N","063° 39' 32.95"" W"
Contact0419,48.00440695,-63.65945605,,"48° 00' 15.86"" N","063° 39' 34.04"" W"
Contact0420,48.00547074,-63.65639179,C+,"48° 00' 19.69"" N","063° 39' 23.01"" W"
Contact0421,48.00407246,-63.6452388,,"48° 00' 14.66"" N","063° 38' 42.85"" W"
Contact0422,48.00574476,-63.64482741,,"48° 00' 20.68"" N","063° 38' 41.37"" W"
Contact0423,48.00565665,-63.6354762,,"48° 00' 20.36"" N","063° 38' 07.71"" W"
Contact0424,48.00444125,-63.6228375,,"48° 00' 15.98"" N","063° 37' 22.21"" W"
Contact0425,48.00513952,-63.61723652,C,"48° 00' 18.50"" N","063° 37' 02.05"" W"
Contact0426,48.00569797,-63.6034064,C,"48° 00' 20.51"" N","063° 36' 12.26"" W"
Contact0427,48.00450072,-63.59518154,C,"48° 00' 16.20"" N","063° 35' 42.65"" W"
Contact0428,48.00374463,-63.59470744,,"48° 00' 13.48"" N","063° 35' 40.94"" W"
Contact0429,48.00568406,-63.57934723,,"48° 00' 20.46"" N","063° 34' 45.65"" W"
Contact0430,48.00593115,-63.57851455,,"48° 00' 21.35"" N","063° 34' 42.65"" W"
Contact0431,48.00214148,-63.58752784,,"48° 00' 07.70"" N","063° 35' 15.10"" W"
Contact0432,48.00344572,-63.58803713,,"48° 00' 12.40"" N","063° 35' 16.93"" W"
Contact0433,48.00333992,-63.58708451,,"48° 00' 12.02"" N","063° 35' 13.50"" W"
Contact0434,48.00137203,-63.59219223,,"48° 00' 04.93"" N","063° 35' 31.89"" W"
Contact0435,48.00240408,-63.59896287,C+,"48° 00' 08.65"" N","063° 35' 56.26"" W"
Contact0436,48.00218998,-63.60819786,,"48° 00' 07.88"" N","063° 36' 29.51"" W"
Contact0437,48.0012255,-63.60844831,,"48° 00' 04.41"" N","063° 36' 30.41"" W"
Contact0438,48.00152122,-63.61901511,C,"48° 00' 05.47"" N","063° 37' 08.45"" W"
Contact0439,48.00175991,-63.63218511,,"48° 00' 06.33"" N","063° 37' 55.86"" W"
Contact0440,48.00299189,-63.63423532,C+,"48° 00' 10.77"" N","063° 38' 03.24"" W"
Contact0441,48.0032021,-63.64447632,,"48° 00' 11.52"" N","063° 38' 40.11"" W"
Contact0442,48.00246807,-63.65077303,,"48° 00' 08.88"" N","063° 39' 02.78"" W"
Contact0443,48.00209686,-63.65273813,,"48° 00' 07.54"" N","063° 39' 09.85"" W"
Contact0444,48.00258852,-63.65535028,,"48° 00' 09.31"" N","063° 39' 19.26"" W"
Contact0445,48.00266982,-63.66326338,,"48° 00' 09.61"" N","063° 39' 47.74"" W"
Contact0446,47.99812308,-63.66652055,C,"47° 59' 53.24"" N","063° 39' 59.47"" W"
Contact0447,47.99973316,-63.66803609,,"47° 59' 59.03"" N","063° 40' 04.92"" W"
Contact0448,47.99799854,-63.66318508,,"47° 59' 52.79"" N","063° 39' 47.46"" W"
Contact0449,47.99981187,-63.66001158,C,"47° 59' 59.32"" N","063° 39' 36.04"" W"
Contact0450,47.99855505,-63.65018396,C,"47° 59' 54.79"" N","063° 39' 00.66"" W"
Contact0451,47.99854385,-63.65024242,C,"47° 59' 54.75"" N","063° 39' 00.87"" W"
Contact0452,47.998551,-63.65028447,C,"47° 59' 54.78"" N","063° 39' 01.02"" W"
Contact0453,47.99856171,-63.65034343,C,"47° 59' 54.82"" N","063° 39' 01.23"" W"
Contact0454,48.00067466,-63.6482556,C,"48° 00' 02.42"" N","063° 38' 53.72"" W"
Contact0455,47.99903402,-63.64563247,C,"47° 59' 56.52"" N","063° 38' 44.27"" W"
Contact0456,47.99899661,-63.64338263,C,"47° 59' 56.38"" N","063° 38' 36.17"" W"
Contact0457,48.00114317,-63.62264907,C,"48° 00' 04.11"" N","063° 37' 21.53"" W"
Contact0458,48.00058676,-63.62075724,,"48° 00' 02.11"" N","063° 37' 14.72"" W"
Contact0459,48.00027784,-63.61507354,,"48° 00' 01.00"" N","063° 36' 54.26"" W"
Contact0460,47.99934052,-63.61465,,"47° 59' 57.62"" N","063° 36' 52.74"" W"
Contact0461,48.00047266,-63.605001,,"48° 00' 01.70"" N","063° 36' 18.00"" W"
Contact0462,47.99905959,-63.59563637,C,"47° 59' 56.61"" N","063° 35' 44.29"" W"
