reported,type,quantity,net_length,rope_length,latitude,longitude
2019-02-23,CASIER/CAGE - TRAP/POT,12,0,1200,43.2858333333333,-65.2333333333333
2018-12-05,CASIER/CAGE - TRAP/POT,3,0,0,43.4927777777778,-65.2438888888889
2019-03-27,CASIER/CAGE - TRAP/POT,1,0,0,43.2138888888889,-65.9
2019-04-10,LONGLINE-PALANGNE,1,0,13200,44.6936111111111,-59.6191666666667
2019-04-03,FILET - NET,12,1500,0,49.1638888888889,-66.805
2019-04-03,FILET - NET,12,1500,0,49.1425,-66.7688888888889
2019-04-03,FILET - NET,12,1500,0,49.1833333333333,-66.6694444444445
2019-04-03,FILET - NET,12,1500,0,49.2077777777778,-66.6819444444445
2019-04-20,CASIER/CAGE - TRAP/POT,15,0,4000,50.1533333333333,-66.4605555555556
2019-04-19,CASIER/CAGE - TRAP/POT,1,0,0,50.0086111111111,-61.0355555555556
2019-04-21,CASIER/CAGE - TRAP/POT,0,0,0,44.7533333333333,-60.3002777777778
2019-04-18,CASIER/CAGE - TRAP/POT,1,0,600,45.4052777777778,-60.2225
2019-04-10,CASIER/CAGE - TRAP/POT,1.5,0,0,48.8047222222222,-67.8744444444444
2019-04-10,CASIER/CAGE - TRAP/POT,1.5,0,0,48.8102777777778,-67.8616666666667
2019-04-24,UNCONFIRMED,1,750,1,45.775,-59.4213888888889
2019-04-25,CASIER/CAGE - TRAP/POT,1,0,0,45.0394444444444,-61.6691666666667
2019-04-12,CASIER/CAGE - TRAP/POT,0,0,0,50.0430555555556,-64.2894444444444
2019-04-09,CASIER/CAGE - TRAP/POT,1,0,750,49.8216666666667,-63.1475
2019-04-26,CASIER/CAGE - TRAP/POT,1,0,18,49.7686111111111,-62.9208333333333
2019-04-17,CASIER/CAGE - TRAP/POT,0,0,0,50.0522222222222,-64.3194444444444
2019-04-17,CASIER/CAGE - TRAP/POT,0,0,0,50.0669444444444,-64.2816666666667
2019-04-19,CASIER/CAGE - TRAP/POT,0,0,0,50.0569444444444,-64.2480555555556
2019-04-22,CASIER/CAGE - TRAP/POT,4,0,0,47.2180555555556,-55.4408333333333
2019-04-27,CASIER/CAGE - TRAP/POT,4,0,0,47.2541666666667,-55.4055555555556
2019-04-27,CASIER/CAGE - TRAP/POT,2,0,0,47.2327777777778,-55.4408333333333
2019-03-29,CASIER/CAGE - TRAP/POT,2,0,600,48.5938888888889,-68.5452777777778
2019-04-30,CASIER/CAGE - TRAP/POT,0,0,3,45.1144444444444,-61.4811111111111
2019-04-28,CASIER/CAGE - TRAP/POT,0,0,210,45.0402777777778,-61.4563888888889
2019-04-28,CASIER/CAGE - TRAP/POT,0,0,0,45.0813888888889,-61.5066666666667
2019-04-20,CASIER/CAGE - TRAP/POT,1,0,550,50.2438888888889,-65.0511111111111
2019-05-01,CASIER/CAGE - TRAP/POT,16,0,0,45.1891666666667,-61.0519444444444
2019-05-02,CASIER/CAGE - TRAP/POT,1,0,450,47.09,-62.6194444444444
2019-05-02,CASIER/CAGE - TRAP/POT,1,0,450,47.1944444444444,-62.6638888888889
2019-05-04,CASIER/CAGE - TRAP/POT,0,0,0,46.3988888888889,-61.5169444444444
2019-05-04,CASIER/CAGE - TRAP/POT,0,0,210,47.3886111111111,-64.1891666666667
2019-04-22,CASIER/CAGE - TRAP/POT,13,0,4260,48.8872222222222,-67.6097222222222
2019-05-03,CASIER/CAGE - TRAP/POT,1,0,450,47.8636111111111,-63.8288888888889
2019-05-02,CASIER/CAGE - TRAP/POT,0,0,0,47.0416666666667,-62.5902777777778
2019-05-05,CASIER/CAGE - TRAP/POT,1,0,420,47.4027777777778,-63.1858333333333
2019-05-04,CASIER/CAGE - TRAP/POT,1,0,0,47.4863888888889,-63.3583333333333
2019-05-04,CASIER/CAGE - TRAP/POT,1,0,0,46.8241666666667,-63.9558333333333
2019-05-05,CASIER/CAGE - TRAP/POT,1,0,0,47.6058333333333,-63.3025
2019-05-04,CASIER/CAGE - TRAP/POT,1,0,0,47.6416666666667,-63.3536111111111
2019-05-04,CASIER/CAGE - TRAP/POT,1,0,480,47.9177777777778,-65.0841666666667
2019-05-03,CASIER/CAGE - TRAP/POT,2,0,15,45.6455555555556,-60.9386111111111
2019-05-02,CASIER/CAGE - TRAP/POT,20,0,90,45.4813888888889,-60.9177777777778
2019-05-06,CASIER/CAGE - TRAP/POT,1,0,0,42.1025,-61.5358333333333
2019-05-04,CASIER/CAGE - TRAP/POT,1,0,498,47.6525,-63.4883333333333
2019-05-03,CASIER/CAGE - TRAP/POT,1,0,420,47.3716666666667,-62.5347222222222
2019-05-04,CASIER/CAGE - TRAP/POT,2,0,60,47.3627777777778,-61.12
2019-05-04,CASIER/CAGE - TRAP/POT,1,0,0,46.5908333333333,-62.6186111111111
2019-05-04,CASIER/CAGE - TRAP/POT,1,0,0,46.71,-61.8358333333333
2019-05-02,CASIER/CAGE - TRAP/POT,1,0,300,47.5433333333333,-63.6986111111111
2019-05-04,CASIER/CAGE - TRAP/POT,1,0,300,47.6180555555556,-63.6902777777778
2019-05-04,CASIER/CAGE - TRAP/POT,1,0,0,47.6147222222222,-63.6219444444444
2019-05-05,CASIER/CAGE - TRAP/POT,1,0,20,47.5747222222222,-63.7166666666667
2019-05-05,CASIER/CAGE - TRAP/POT,1,0,20,47.6091666666667,-63.5708333333333
2019-05-07,CASIER/CAGE - TRAP/POT,1,0,42,47.2519444444444,-62.6688888888889
2019-05-08,CASIER/CAGE - TRAP/POT,1,0,0,45.5066666666667,-61.0830555555556
2019-05-05,CASIER/CAGE - TRAP/POT,1,0,240,47.125,-61.1069444444444
2019-05-06,CASIER/CAGE - TRAP/POT,1,0,1080,48.2488888888889,-64.2338888888889
2019-05-07,CASIER/CAGE - TRAP/POT,1,0,360,48.0736111111111,-63.7947222222222
2019-05-07,CASIER/CAGE - TRAP/POT,1,0,0,47.0152777777778,-64.2630555555556
2019-05-04,CASIER/CAGE - TRAP/POT,1,0,0,48.14,-64.6161111111111
2019-05-06,CASIER/CAGE - TRAP/POT,1,0,0,47.2972222222222,-63.0827777777778
2019-05-07,CASIER/CAGE - TRAP/POT,1,0,0,46.7411111111111,-63.9033333333333
2019-05-07,CASIER/CAGE - TRAP/POT,19,0,390,47.4597222222222,-61.2791666666667
2019-05-04,CASIER/CAGE - TRAP/POT,1,0,400,48.0561111111111,-64.8172222222222
2019-05-04,CASIER/CAGE - TRAP/POT,1,0,408,48.0691666666667,-64.7672222222222
2019-05-05,CASIER/CAGE - TRAP/POT,1,0,400,46.775,-61.8530555555556
2019-05-05,CASIER/CAGE - TRAP/POT,1,0,400,46.785,-61.8530555555556
2019-05-04,CASIER/CAGE - TRAP/POT,1,0,480,47.4919444444444,-62.5027777777778
2019-05-08,CASIER/CAGE - TRAP/POT,1,0,450,47.7536111111111,-63.2538888888889
2019-05-05,CASIER/CAGE - TRAP/POT,1,0,360,47.7308333333333,-63.6605555555556
2019-05-05,CASIER/CAGE - TRAP/POT,1,0,0,47.4741666666667,-61.4997222222222
2019-05-08,CASIER/CAGE - TRAP/POT,1,0,0,46.8702777777778,-63.9902777777778
2019-05-03,CASIER/CAGE - TRAP/POT,1,0,180,47.4,-63.4166666666667
2019-05-03,CASIER/CAGE - TRAP/POT,1,0,180,47.5222222222222,-63.4236111111111
2019-05-05,CASIER/CAGE - TRAP/POT,1,0,120,44.8483333333333,-58.3888888888889
2019-05-04,CASIER/CAGE - TRAP/POT,1,0,0,45.4502777777778,-59.8916666666667
2019-05-05,CASIER/CAGE - TRAP/POT,1,0,900,45.7122222222222,-59.3241666666667
2019-05-04,CASIER/CAGE - TRAP/POT,0,0,0,47.5288888888889,-63.4247222222222
2019-05-02,CASIER/CAGE - TRAP/POT,2,0,0,45.2061111111111,-61.0552777777778
2019-05-08,CASIER/CAGE - TRAP/POT,1,0,0,47.8319444444444,-61.3911111111111
2019-05-08,CASIER/CAGE - TRAP/POT,1,0,0,47.8333333333333,-61.3805555555556
2019-05-08,CASIER/CAGE - TRAP/POT,1,0,300,47.7072222222222,-62.6022222222222
2019-05-03,CASIER/CAGE - TRAP/POT,1,0,0,47.5288888888889,-63.4247222222222
2019-05-06,CASIER/CAGE - TRAP/POT,1,0,0,47.4280555555556,-63.2019444444444
2019-05-09,CASIER/CAGE - TRAP/POT,8,0,0,45.2272222222222,-60.9875
2019-05-08,CASIER/CAGE - TRAP/POT,1,0,0,46.5833333333333,-64.0175
2019-05-09,CASIER/CAGE - TRAP/POT,1,0,450,47.8972222222222,-65.14
2019-05-09,CASIER/CAGE - TRAP/POT,1,0,0,47.3569444444444,-63.55
2019-05-04,CASIER/CAGE - TRAP/POT,1,0,500,46.7122222222222,-61.4541666666667
2019-05-04,CASIER/CAGE - TRAP/POT,1,0,500,46.7375,-61.4575
2019-05-04,CASIER/CAGE - TRAP/POT,1,0,500,46.7075,-61.4719444444444
2019-05-04,CASIER/CAGE - TRAP/POT,1,0,500,46.7144444444444,-61.4697222222222
2019-05-10,CASIER/CAGE - TRAP/POT,0,0,60,46.7213888888889,-61.4775
2019-05-05,CASIER/CAGE - TRAP/POT,1,0,0,47.5558333333333,-63.4744444444444
2019-05-06,CASIER/CAGE - TRAP/POT,1,0,0,47.6772222222222,-63.4166666666667
2019-05-07,CASIER/CAGE - TRAP/POT,1,0,2,46.49,-62.4752777777778
2019-05-05,CASIER/CAGE - TRAP/POT,1,0,500,47.8163888888889,-63.3380555555556
2019-05-08,CASIER/CAGE - TRAP/POT,1,0,10,47.5877777777778,-63.3105555555556
2019-05-07,CASIER/CAGE - TRAP/POT,1,0,300,48.1569444444444,-64.5316666666667
2019-05-04,CASIER/CAGE - TRAP/POT,1,0,470,47.6355555555556,-63.345
2019-05-07,CASIER/CAGE - TRAP/POT,1,0,600,48.1602777777778,-64.485
2019-05-06,CASIER/CAGE - TRAP/POT,1,0,450,47.6502777777778,-63.4369444444444
2019-05-07,CASIER/CAGE - TRAP/POT,1,0,450,46.9916666666667,-62.4913888888889
2019-05-10,CASIER/CAGE - TRAP/POT,0,0,210,47.3208333333333,-63.2694444444444
2019-05-04,CASIER/CAGE - TRAP/POT,1,0,10,47.5025,-63.2083333333333
2019-05-04,CASIER/CAGE - TRAP/POT,1,0,227,47.1741666666667,-62.6961111111111
2019-05-11,CASIER/CAGE - TRAP/POT,1,0,0,47.2333333333333,-66.4333333333333
2019-05-10,CASIER/CAGE - TRAP/POT,1,0,0,47.41,-63.2061111111111
2019-05-10,CASIER/CAGE - TRAP/POT,1,0,540,46.7672222222222,-61.7847222222222
2019-05-10,CASIER/CAGE - TRAP/POT,1,0,0,47.3902777777778,-62.0005555555556
2019-05-11,CASIER/CAGE - TRAP/POT,1,0,0,47.4855555555556,-61.3702777777778
2019-05-11,CASIER/CAGE - TRAP/POT,1,0,0,46.7383333333333,-63.8425
2019-05-11,CASIER/CAGE - TRAP/POT,0,0,0,45.9522222222222,-62.2847222222222
2019-05-11,CASIER/CAGE - TRAP/POT,2,0,0,46.7544444444444,-64.1236111111111
2019-05-10,CASIER/CAGE - TRAP/POT,1,0,450,46.9588888888889,-62.8416666666667
2019-05-11,CASIER/CAGE - TRAP/POT,1,0,0,46.8744444444444,-63.9941666666667
2019-05-11,CASIER/CAGE - TRAP/POT,1,0,0,46.7366666666667,-63.9661111111111
2019-05-04,CASIER/CAGE - TRAP/POT,1,0,600,46.7008333333333,-60.0447222222222
2019-05-13,CASIER/CAGE - TRAP/POT,1,0,0,46.8836111111111,-63.9211111111111
2019-05-10,CASIER/CAGE - TRAP/POT,1,0,450,48.0255555555556,-63.7736111111111
2019-05-10,CASIER/CAGE - TRAP/POT,1,0,450,47.9577777777778,-63.7525
2019-05-12,CASIER/CAGE - TRAP/POT,1,0,0,46.7552777777778,-63.9588888888889
2019-05-13,CASIER/CAGE - TRAP/POT,1,0,0,45.9105555555556,-63.9025
2019-05-08,CASIER/CAGE - TRAP/POT,1,0,420,47.5775,-63.5519444444444
2019-05-13,CASIER/CAGE - TRAP/POT,1,0,0,46.7013888888889,-63.8336111111111
2019-05-13,CASIER/CAGE - TRAP/POT,5,0,180,47.4525,-61.3988888888889
2019-05-08,CASIER/CAGE - TRAP/POT,1,0,2,46.5566666666667,-63.3802777777778
2019-05-05,CASIER/CAGE - TRAP/POT,1,0,120,48.0219444444444,-64.3983333333333
2019-05-13,CASIER/CAGE - TRAP/POT,1,0,0,46.4852777777778,-62.2172222222222
2019-04-24,CASIER/CAGE - TRAP/POT,2,0,120,44.5266666666667,-58.9877777777778
2019-05-09,CASIER/CAGE - TRAP/POT,25,0,7200,46.5166666666667,-56.05
2019-05-13,CASIER/CAGE - TRAP/POT,1,0,250,48.0105555555556,-63.6766666666667
2019-05-13,CASIER/CAGE - TRAP/POT,1,0,300,48.0366666666667,-63.4516666666667
2019-05-13,CASIER/CAGE - TRAP/POT,1,0,600,48.0925,-63.5711111111111
2019-05-13,CASIER/CAGE - TRAP/POT,1,0,600,48.2755555555556,-64.1605555555556
2019-05-13,CASIER/CAGE - TRAP/POT,1,0,600,48.0461111111111,-63.7461111111111
2019-05-12,CASIER/CAGE - TRAP/POT,1,0,150,48.2288888888889,-64.29
2019-05-13,CASIER/CAGE - TRAP/POT,1,0,510,47.9241666666667,-65.1638888888889
2019-05-14,CASIER/CAGE - TRAP/POT,1,0,450,47.4269444444444,-63.5341666666667
2019-05-10,CASIER/CAGE - TRAP/POT,1,0,400,47.7683333333333,-62.5655555555556
2019-05-14,CASIER/CAGE - TRAP/POT,1,0,450,47.7827777777778,-63.135
2019-05-10,CASIER/CAGE - TRAP/POT,1,0,450,49.9130555555556,-63.355
2019-05-10,CASIER/CAGE - TRAP/POT,1,0,450,49.9130555555556,-63.355
2019-05-10,CASIER/CAGE - TRAP/POT,1,0,450,49.9077777777778,-63.2852777777778
2019-05-09,CASIER/CAGE - TRAP/POT,1,0,500,47.8397222222222,-63.3180555555556
2019-05-11,CASIER/CAGE - TRAP/POT,1,0,0,47.7061111111111,-63.4219444444444
2019-05-14,CASIER/CAGE - TRAP/POT,1,0,0,47.3830555555556,-55.3125
2019-05-05,CASIER/CAGE - TRAP/POT,1,0,900,45.62,-59.6686111111111
2019-05-05,CASIER/CAGE - TRAP/POT,1,0,900,45.6247222222222,-59.5536111111111
2019-05-13,CASIER/CAGE - TRAP/POT,1,0,240,47.9427777777778,-65.04
2019-05-14,CASIER/CAGE - TRAP/POT,1,0,0,47.4922222222222,-61.4216666666667
2019-05-08,CASIER/CAGE - TRAP/POT,2,0,0,46.9502777777778,-64.0002777777778
2019-05-13,CASIER/CAGE - TRAP/POT,1,0,0,46.9172222222222,-64.3511111111111
2019-05-14,CASIER/CAGE - TRAP/POT,1,0,450,46.8163888888889,-61.9572222222222
2019-05-14,CASIER/CAGE - TRAP/POT,2,0,900,46.7866666666667,-62.1686111111111
2019-05-07,CASIER/CAGE - TRAP/POT,2,0,0,47.3936111111111,-61.6116666666667
2019-05-15,CASIER/CAGE - TRAP/POT,1,0,0,46.9066666666667,-63.9458333333333
2019-05-15,CASIER/CAGE - TRAP/POT,1,0,100,46.9658333333333,-63.8855555555556
2019-05-15,CASIER/CAGE - TRAP/POT,2,0,0,46.6977777777778,-63.9069444444444
2019-05-15,CASIER/CAGE - TRAP/POT,1,0,0,46.2002777777778,-62.1841666666667
2019-05-15,CASIER/CAGE - TRAP/POT,1,0,20,47.585,-63.6405555555556
2019-05-15,CASIER/CAGE - TRAP/POT,1,0,20,47.5519444444444,-63.7025
2019-05-15,CASIER/CAGE - TRAP/POT,1,0,20,47.5522222222222,-63.6855555555556
2019-05-15,CASIER/CAGE - TRAP/POT,1,0,450,47.6436111111111,-63.4694444444444
2019-05-15,CASIER/CAGE - TRAP/POT,1,0,450,47.6408333333333,-63.4283333333333
2019-05-06,CASIER/CAGE - TRAP/POT,1,0,180,47.2972222222222,-63.0827777777778
2019-05-06,CASIER/CAGE - TRAP/POT,1,0,0,46.7088888888889,-63.9005555555556
2019-05-10,CASIER/CAGE - TRAP/POT,2,0,900,47.5666666666667,-63.5333333333333
2019-05-08,CASIER/CAGE - TRAP/POT,0,0,0,47.9666666666667,-64.4183333333333
2019-05-10,CASIER/CAGE - TRAP/POT,3,0,150,15.4916666666667,-30.0486111111111
2019-05-08,CASIER/CAGE - TRAP/POT,7,0,312,48.8072222222222,-64.3769444444444
2019-05-11,CASIER/CAGE - TRAP/POT,7,0,312,48.79,-64.3569444444444
2019-05-11,CASIER/CAGE - TRAP/POT,1,0,0,47.3802777777778,-62.5247222222222
2019-05-07,CASIER/CAGE - TRAP/POT,1,0,0,47.7577777777778,-63.4711111111111
2019-05-05,CASIER/CAGE - TRAP/POT,1,0,0,47.6572222222222,-63.3833333333333
2019-05-11,CASIER/CAGE - TRAP/POT,2,0,50,46.1930555555556,-62.4736111111111
2019-05-15,CASIER/CAGE - TRAP/POT,4,0,0,46.4705555555556,-61.9547222222222
2019-05-15,CASIER/CAGE - TRAP/POT,1,0,0,47.4844444444444,-61.3447222222222
2019-05-06,CASIER/CAGE - TRAP/POT,1,0,0,47.0441666666667,-62.5411111111111
2019-05-16,CASIER/CAGE - TRAP/POT,1,0,0,49.7863888888889,-62.5252777777778
2019-05-12,CASIER/CAGE - TRAP/POT,1,0,100,48.0833333333333,-63.6416666666667
2019-05-06,CASIER/CAGE - TRAP/POT,1,0,100,48.2544444444444,-64.2675
2019-05-16,CASIER/CAGE - TRAP/POT,2,0,0,46.8591666666667,-63.9866666666667
2019-05-12,CASIER/CAGE - TRAP/POT,1,0,420,47.4697222222222,-62.5563888888889
2019-05-13,CASIER/CAGE - TRAP/POT,1,0,500,46.7558333333333,-61.5311111111111
2019-04-26,CASIER/CAGE - TRAP/POT,7,0,450,47.4925,-60.5208333333333
2019-05-13,CASIER/CAGE - TRAP/POT,1,0,0,47.8577777777778,-64.98
2019-05-06,CASIER/CAGE - TRAP/POT,1,0,350,48.0511111111111,-64.7958333333333
2019-05-13,CASIER/CAGE - TRAP/POT,1,0,0,47.6775,-64.5930555555556
2019-05-12,FILET - NET,2,600,200,47.5158333333333,-61.77
2019-05-05,CASIER/CAGE - TRAP/POT,1,0,0,47.7052777777778,-61.5852777777778
2019-05-05,CASIER/CAGE - TRAP/POT,1,0,0,47.7052777777778,-61.5852777777778
2019-05-15,CASIER/CAGE - TRAP/POT,1,0,0,47.2994444444444,-63.1916666666667
2019-05-13,CASIER/CAGE - TRAP/POT,1,0,50,47.9252777777778,-63.7397222222222
2019-05-16,CASIER/CAGE - TRAP/POT,1,0,0,47.4188888888889,-63.5216666666667
2019-05-16,CASIER/CAGE - TRAP/POT,1,0,0,47.3716666666667,-63.5605555555556
2019-05-16,CASIER/CAGE - TRAP/POT,1,0,0,47.385,-63.5541666666667
2019-05-16,CASIER/CAGE - TRAP/POT,1,0,0,47.385,-63.5541666666667
2019-05-12,CASIER/CAGE - TRAP/POT,1,0,0,47.5172222222222,-61.2683333333333
2019-05-16,CASIER/CAGE - TRAP/POT,1,0,0,47.38,-63.2575
2019-05-07,CASIER/CAGE - TRAP/POT,1,0,510,47.4719444444444,-63.2197222222222
2019-05-12,CASIER/CAGE - TRAP/POT,1,0,450,47.7383333333333,-63.6958333333333
2019-05-15,CASIER/CAGE - TRAP/POT,1,0,310,47.225,-63.0894444444444
2019-05-17,CASIER/CAGE - TRAP/POT,1,200,0,48.05,-63.6444444444444
2019-05-16,CASIER/CAGE - TRAP/POT,3,0,1350,15.1005555555556,-30.2019444444444
2019-05-13,CASIER/CAGE - TRAP/POT,1,0,500,47.4619444444444,-63.4261111111111
2019-05-14,CASIER/CAGE - TRAP/POT,1,0,450,47.6019444444444,-63.6102777777778
2019-05-14,CASIER/CAGE - TRAP/POT,1,0,480,48.1372222222222,-63.7191666666667
2019-05-14,CASIER/CAGE - TRAP/POT,1,0,480,48.0952777777778,-63.6483333333333
2019-05-19,CASIER/CAGE - TRAP/POT,1,7,450,47.4333333333333,-63.3352777777778
2019-05-17,CASIER/CAGE - TRAP/POT,1,0,0,46.8513888888889,-63.9580555555556
2019-05-14,CASIER/CAGE - TRAP/POT,1,0,0,47.7330555555556,-61.4144444444444
2019-05-16,CASIER/CAGE - TRAP/POT,1,0,0,47.7997222222222,-61.3330555555556
2019-05-17,CASIER/CAGE - TRAP/POT,2,0,0,47.7858333333333,-61.3272222222222
2019-05-20,CASIER/CAGE - TRAP/POT,6,0,0,46.5333333333333,-30.035
2019-05-20,CASIER/CAGE - TRAP/POT,1,0,0,47.4925,-61.36
2019-05-09,CASIER/CAGE - TRAP/POT,1,0,0,47.6941666666667,-60.6230555555556
2019-05-09,CASIER/CAGE - TRAP/POT,1,0,0,47.6261111111111,-60.5702777777778
2019-05-09,CASIER/CAGE - TRAP/POT,1,0,0,47.6186111111111,-60.5616666666667
2019-05-09,CASIER/CAGE - TRAP/POT,1,0,510,47.6258333333333,-60.5766666666667
2019-05-09,CASIER/CAGE - TRAP/POT,1,0,0,47.6102777777778,-60.5616666666667
2019-05-09,CASIER/CAGE - TRAP/POT,1,0,0,47.6061111111111,-60.5666666666667
2019-05-09,CASIER/CAGE - TRAP/POT,1,0,510,47.6038888888889,-60.5538888888889
2019-05-09,CASIER/CAGE - TRAP/POT,1,0,510,47.5997222222222,-60.5597222222222
2019-05-09,CASIER/CAGE - TRAP/POT,1,0,510,47.5941666666667,-60.5580555555556
2019-05-09,CASIER/CAGE - TRAP/POT,1,0,510,47.585,-60.5641666666667
2019-05-13,CASIER/CAGE - TRAP/POT,1,0,0,45.1930555555556,-61.2405555555556
2019-05-08,CASIER/CAGE - TRAP/POT,1,0,0,47.7216666666667,-61.5555555555556
2019-05-08,CASIER/CAGE - TRAP/POT,1,0,0,47.7222222222222,-61.4333333333333
2019-05-18,CASIER/CAGE - TRAP/POT,1,0,0,47.8272222222222,-61.4380555555556
2019-05-18,CASIER/CAGE - TRAP/POT,1,0,0,47.7538888888889,-63.1269444444444
2019-05-20,CASIER/CAGE - TRAP/POT,3,0,0,45.5536111111111,-60.9352777777778
2019-05-20,CASIER/CAGE - TRAP/POT,1,0,50,46.7675,-63.9691666666667
2019-05-13,CASIER/CAGE - TRAP/POT,0,0,340,48.1419444444444,-64.51
2019-05-13,CASIER/CAGE - TRAP/POT,5,1,426,46.4727777777778,-61.1569444444444
2019-05-08,CASIER/CAGE - TRAP/POT,1,1,1,46.3594444444444,-61.24
2019-05-08,CASIER/CAGE - TRAP/POT,5,5,426,46.3705555555556,-61.2730555555556
2019-05-20,CASIER/CAGE - TRAP/POT,1,0,0,46.5538888888889,-63.0388888888889
2019-05-19,CASIER/CAGE - TRAP/POT,1,0,2,47.4561111111111,-62.0111111111111
2019-05-20,CASIER/CAGE - TRAP/POT,1,0,0,47.7291666666667,-61.5511111111111
2019-05-17,CASIER/CAGE - TRAP/POT,1,0,120,47.1680555555556,-63.0916666666667
2019-05-20,CASIER/CAGE - TRAP/POT,1,0,0,45.0883333333333,-61.7538888888889
2019-05-21,CASIER/CAGE - TRAP/POT,1,0,0,45.0925,-61.6905555555556
2019-05-21,CASIER/CAGE - TRAP/POT,2,0,264,45.0538888888889,-61.6711111111111
2019-05-19,CASIER/CAGE - TRAP/POT,1,0,0,47.4561111111111,-62.0111111111111
2019-05-21,CASIER/CAGE - TRAP/POT,1,0,0,47.4688888888889,-61.3408333333333
2019-05-21,CASIER/CAGE - TRAP/POT,7,0,0,46.4852777777778,-62.0166666666667
2019-05-14,CASIER/CAGE - TRAP/POT,1,0,450,47.5583333333333,-63.5416666666667
2019-05-16,CASIER/CAGE - TRAP/POT,1,0,0,47.1730555555556,-63.9502777777778
2019-05-11,CASIER/CAGE - TRAP/POT,1,0,0,46.4769444444444,-62.4166666666667
2019-05-13,CASIER/CAGE - TRAP/POT,1,0,0,47.83,-63.7083333333333
2019-05-10,CASIER/CAGE - TRAP/POT,1,0,0,47.7052777777778,-61.5852777777778
2019-05-16,CASIER/CAGE - TRAP/POT,16,0,4000,46.7688888888889,-61.5405555555556
2019-05-14,CASIER/CAGE - TRAP/POT,1,0,0,47.1952777777778,-63.9397222222222
2019-05-18,CASIER/CAGE - TRAP/POT,4,0,250,47.4569444444444,-64.8358333333333
2019-05-22,CASIER/CAGE - TRAP/POT,1,0,0,14.3844444444444,-29.9169444444444
2019-05-21,CASIER/CAGE - TRAP/POT,1,0,0,45.7494444444444,-62.2544444444444
2019-05-19,CASIER/CAGE - TRAP/POT,1,0,225,48.0355555555556,-63.5772222222222
2019-05-23,CASIER/CAGE - TRAP/POT,1,0,70,49.4005555555556,-79.9355555555556
2019-05-20,CASIER/CAGE - TRAP/POT,1,0,500,47.4855555555556,-62.4077777777778
2019-05-22,CASIER/CAGE - TRAP/POT,1,0,0,46.6852777777778,-63.825
2019-05-22,CASIER/CAGE - TRAP/POT,1,0,0,46.7386111111111,-63.9875
2019-05-23,CASIER/CAGE - TRAP/POT,1,0,0,47.4766666666667,-61.3525
2019-05-19,CASIER/CAGE - TRAP/POT,1,0,500,47.9186111111111,-63.3380555555556
2019-05-23,CASIER/CAGE - TRAP/POT,1,0,450,47.7980555555556,-63.0286111111111
2019-05-20,CASIER/CAGE - TRAP/POT,1,0,1,14.2777777777778,-29.5388888888889
2019-05-19,CASIER/CAGE - TRAP/POT,1,0,550,47.95,-62.765
2019-05-21,CASIER/CAGE - TRAP/POT,1,0,0,47.7980555555556,-61.2386111111111
2019-05-10,CASIER/CAGE - TRAP/POT,1,0,0,47.3202777777778,-61.6
2019-05-20,CASIER/CAGE - TRAP/POT,1,0,0,47.3075,-61.5838888888889
2019-05-17,CASIER/CAGE - TRAP/POT,1,0,120,48.1161111111111,-64.2705555555556
2019-05-19,CASIER/CAGE - TRAP/POT,1,0,500,47.9091666666667,-63.7575
2019-05-16,CASIER/CAGE - TRAP/POT,1,0,0,46.0936111111111,-61.9969444444444
2019-05-13,CASIER/CAGE - TRAP/POT,1,0,420,48.1852777777778,-63.4566666666667
2019-05-13,CASIER/CAGE - TRAP/POT,1,0,420,48.1916666666667,-63.4708333333333
2019-05-17,CASIER/CAGE - TRAP/POT,5,0,540,45.9044444444444,-62.8055555555556
2019-05-16,CASIER/CAGE - TRAP/POT,1,0,0,47.2205555555556,-64.9858333333333
2019-05-16,CASIER/CAGE - TRAP/POT,1,0,0,47.2030555555556,-65.0019444444444
2019-05-17,CASIER/CAGE - TRAP/POT,2,70,70,45.8841666666667,-63.5469444444444
2019-05-23,CASIER/CAGE - TRAP/POT,1,0,0,46.6855555555556,-63.8522222222222
2019-05-23,CASIER/CAGE - TRAP/POT,6,0,684,46.9783333333333,-63.8930555555556
2019-05-23,CASIER/CAGE - TRAP/POT,1,0,120,46.7233333333333,-63.8272222222222
2019-05-13,CASIER/CAGE - TRAP/POT,1,0,0,46.9916666666667,-62.8430555555556
2019-05-10,CASIER/CAGE - TRAP/POT,1,0,450,46.7830555555556,-61.7825
2019-05-11,CASIER/CAGE - TRAP/POT,1,0,450,46.7502777777778,-61.4997222222222
2019-05-11,CASIER/CAGE - TRAP/POT,1,0,450,46.8586111111111,-61.9080555555556
2019-05-14,CASIER/CAGE - TRAP/POT,1,0,0,46.8758333333333,-61.905
2019-05-10,CASIER/CAGE - TRAP/POT,1,0,450,46.7819444444444,-61.7663888888889
2019-05-10,CASIER/CAGE - TRAP/POT,1,0,450,46.7497222222222,-61.4963888888889
2019-05-08,CASIER/CAGE - TRAP/POT,1,0,450,46.7727777777778,-61.7163888888889
2019-05-12,CASIER/CAGE - TRAP/POT,1,0,100,48.0833333333333,-63.6416666666667
2019-05-21,CASIER/CAGE - TRAP/POT,1,0,0,47.3219444444444,-62.0725
2019-05-23,CASIER/CAGE - TRAP/POT,1,0,600,47.785,-63.0375
2019-05-23,CASIER/CAGE - TRAP/POT,1,0,600,47.9061111111111,-62.7763888888889
2019-05-23,CASIER/CAGE - TRAP/POT,1,0,450,47.3541666666667,-63.2316666666667
2019-05-24,CASIER/CAGE - TRAP/POT,1,0,0,47.4333333333333,-63.3352777777778
2019-05-22,CASIER/CAGE - TRAP/POT,1,0,0,47.8180555555556,-62.85
2019-05-17,CASIER/CAGE - TRAP/POT,1,0,450,47.5872222222222,-63.4583333333333
2019-05-23,CASIER/CAGE - TRAP/POT,1,0,480,47.5941666666667,-63.1852777777778
2019-05-24,CASIER/CAGE - TRAP/POT,1,0,480,47.5113888888889,-63.2108333333333
2019-05-20,CASIER/CAGE - TRAP/POT,1,0,90,45.7183333333333,-60.22
2019-05-21,CASIER/CAGE - TRAP/POT,1,0,500,47.1547222222222,-62.6088888888889
2019-05-18,CASIER/CAGE - TRAP/POT,1,0,450,47.8397222222222,-63.8763888888889
2019-05-18,CASIER/CAGE - TRAP/POT,1,0,450,47.8347222222222,-63.8841666666667
2019-05-18,CASIER/CAGE - TRAP/POT,1,0,450,47.7177777777778,-63.1363888888889
2019-05-26,CASIER/CAGE - TRAP/POT,1,0,400,47.1952777777778,-61.0477777777778
2019-05-24,CASIER/CAGE - TRAP/POT,1,0,0,47.5605555555556,-61.2613888888889
2019-05-04,CASIER/CAGE - TRAP/POT,1,0,450,47.5436111111111,-63.2888888888889
2019-05-24,CASIER/CAGE - TRAP/POT,2,0,450,47.4775,-62.5569444444444
2019-05-25,CASIER/CAGE - TRAP/POT,1,0,0,46.8480555555556,-63.9919444444444
2019-05-26,CASIER/CAGE - TRAP/POT,1,0,0,46.4855555555556,-62.1847222222222
2019-05-25,CASIER/CAGE - TRAP/POT,1,0,0,47.0527777777778,-64.6702777777778
2019-05-26,CASIER/CAGE - TRAP/POT,1,0,420,47.4005555555556,-63.1883333333333
2019-05-25,CASIER/CAGE - TRAP/POT,2,0,0,46.8958333333333,-64.3105555555556
2019-05-22,CASIER/CAGE - TRAP/POT,7,0,300,48.0169444444444,-64.4072222222222
2019-05-26,CASIER/CAGE - TRAP/POT,6,0,540,46.2069444444444,-62.1863888888889
2019-05-26,CASIER/CAGE - TRAP/POT,7,0,600,48.0586111111111,-64.4525
2019-05-27,CASIER/CAGE - TRAP/POT,1,0,72,47.0075,-60.4927777777778
2019-05-27,CASIER/CAGE - TRAP/POT,1,0,100,47.0044444444444,-60.4552777777778
2019-05-23,CASIER/CAGE - TRAP/POT,1,0,0,47.5044444444444,-61.9419444444444
2019-05-25,CASIER/CAGE - TRAP/POT,6,0,0,46.4838888888889,-62.1183333333333
2019-05-20,CASIER/CAGE - TRAP/POT,5,0,50,47.6666666666667,-64.5805555555555
2019-05-14,CASIER/CAGE - TRAP/POT,6,0,660,46.5027777777778,-62.4088888888889
2019-05-19,CASIER/CAGE - TRAP/POT,1,0,420,47.3252777777778,-63.6375
2019-05-27,CASIER/CAGE - TRAP/POT,1,0,450,47.2247222222222,-63.0666666666667
2019-05-27,CASIER/CAGE - TRAP/POT,1,0,450,47.6425,-63.5794444444444
2019-05-16,CASIER/CAGE - TRAP/POT,7,0,200,47.9969444444444,-64.3522222222222
2019-05-16,CASIER/CAGE - TRAP/POT,1,0,0,47.7888888888889,-61.3480555555556
2019-05-16,CASIER/CAGE - TRAP/POT,1,0,0,47.7888888888889,-61.3480555555556
2019-05-25,CASIER/CAGE - TRAP/POT,1,0,0,46.87,-63.9597222222222
2019-05-14,CASIER/CAGE - TRAP/POT,25,0,0,45.2183333333333,-65.0205555555556
2019-05-14,CASIER/CAGE - TRAP/POT,25,0,0,47.2858333333333,-64.9516666666667
2019-05-24,CASIER/CAGE - TRAP/POT,1,0,432,47.1186111111111,-63.2538888888889
2019-05-23,CASIER/CAGE - TRAP/POT,1,0,0,47.6436111111111,-62.5597222222222
2019-05-23,CASIER/CAGE - TRAP/POT,1,0,300,47.335,-63.1155555555556
2019-05-23,CASIER/CAGE - TRAP/POT,1,0,450,47.4388888888889,-63.4694444444444
2019-05-23,CASIER/CAGE - TRAP/POT,1,0,450,47.4688888888889,-63.5197222222222
2019-05-23,CASIER/CAGE - TRAP/POT,1,0,450,47.3441666666667,-63.6097222222222
2019-05-25,CASIER/CAGE - TRAP/POT,1,0,450,47.2705555555556,-63.6391666666667
2019-05-25,CASIER/CAGE - TRAP/POT,1,0,450,47.3430555555556,-63.5105555555556
2019-05-24,CASIER/CAGE - TRAP/POT,20,0,600,46.5025,-60.4333333333333
2019-05-28,CASIER/CAGE - TRAP/POT,5,0,426,46.3705555555556,-61.2730555555556
2019-05-21,CASIER/CAGE - TRAP/POT,5,0,312,46.7538888888889,-60.8247222222222
2019-05-27,CASIER/CAGE - TRAP/POT,1,0,0,46.8222222222222,-64.0111111111111
2019-05-28,CASIER/CAGE - TRAP/POT,1,0,0,45.2077777777778,-61.0736111111111
2019-05-22,CASIER/CAGE - TRAP/POT,3,0,132,46.5591666666667,-60.8063888888889
2019-05-21,CASIER/CAGE - TRAP/POT,3,0,0,46.0802777777778,-59.8530555555556
2019-05-10,CASIER/CAGE - TRAP/POT,6,0,0,48.0233333333333,-61.4172222222222
2019-05-23,CASIER/CAGE - TRAP/POT,1,0,300,47.425,-62.4888888888889
2019-05-23,CASIER/CAGE - TRAP/POT,1,0,450,47.0722222222222,-62.47
2019-05-21,CASIER/CAGE - TRAP/POT,20,0,1200,46.8711111111111,-60.2280555555556
2019-05-26,CASIER/CAGE - TRAP/POT,4,0,75,44.7866666666667,-62.7647222222222
2019-05-14,CASIER/CAGE - TRAP/POT,1,0,0,45.6630555555556,-61.7452777777778
2019-05-20,CASIER/CAGE - TRAP/POT,1,0,380,47.4927777777778,-62.5233333333333
2019-05-24,CASIER/CAGE - TRAP/POT,1,0,450,47.4341666666667,-62.5805555555556
2019-05-17,CASIER/CAGE - TRAP/POT,1,0,360,47.5772222222222,-62.5025
2019-05-23,CASIER/CAGE - TRAP/POT,1,0,480,47.8366666666667,-62.9733333333333
2019-05-25,CASIER/CAGE - TRAP/POT,1,0,480,47.6436111111111,-62.4852777777778
2019-05-25,CASIER/CAGE - TRAP/POT,1,0,480,47.7686111111111,-62.5219444444444
2019-05-28,CASIER/CAGE - TRAP/POT,1,100,100,47.7172222222222,-62.6197222222222
2019-05-28,CASIER/CAGE - TRAP/POT,2,0,0,46.4855555555556,-62.1019444444444
2019-05-29,CASIER/CAGE - TRAP/POT,3,0,0,46.5183333333333,-62.05
2019-05-17,CASIER/CAGE - TRAP/POT,1,0,450,47.4227777777778,-63.5158333333333
2019-05-17,CASIER/CAGE - TRAP/POT,1,0,450,47.4066666666667,-63.5419444444444
2019-05-28,CASIER/CAGE - TRAP/POT,6,0,0,46.4677777777778,-62.0525
2019-05-22,CASIER/CAGE - TRAP/POT,3,0,0,47.4516666666667,-64.8636111111111
2019-05-28,CASIER/CAGE - TRAP/POT,1,0,450,47.2044444444444,-63.0502777777778
2019-05-28,CASIER/CAGE - TRAP/POT,1,0,450,47.2372222222222,-63.0808333333333
2019-05-27,CASIER/CAGE - TRAP/POT,1,0,0,47.4136111111111,-61.9516666666667
2019-05-28,CASIER/CAGE - TRAP/POT,1,0,0,46.1852777777778,-62.1188888888889
2019-05-20,CASIER/CAGE - TRAP/POT,1,0,0,46.5197222222222,-61.0938888888889
2019-05-27,CASIER/CAGE - TRAP/POT,1,0,498,47.9552777777778,-63.2888888888889
2019-05-10,CASIER/CAGE - TRAP/POT,2,0,60,47.0902777777778,-61.2197222222222
2019-05-21,CASIER/CAGE - TRAP/POT,3,0,60,46.3166666666667,-62.6047222222222
2019-05-21,CASIER/CAGE - TRAP/POT,3,0,60,46.6116666666667,-62.6538888888889
2019-05-07,CASIER/CAGE - TRAP/POT,1,0,0,46.6175,-61.9672222222222
2019-05-21,CASIER/CAGE - TRAP/POT,1,0,0,46.5627777777778,-60.4
2019-05-29,CASIER/CAGE - TRAP/POT,1,0,0,46.8741666666667,-63.9669444444444
2019-05-28,CASIER/CAGE - TRAP/POT,1,0,450,47.8316666666667,-62.8225
2019-05-29,CASIER/CAGE - TRAP/POT,1,0,0,46.1841666666667,-62.2844444444444
2019-05-29,CASIER/CAGE - TRAP/POT,1,0,0,47.3380555555556,-63.2197222222222
2019-05-28,CASIER/CAGE - TRAP/POT,1,0,0,47.3225,-63.1863888888889
2019-05-27,CASIER/CAGE - TRAP/POT,1,0,0,47.4216666666667,-63.1355555555556
2019-05-22,CASIER/CAGE - TRAP/POT,1,0,110,47.0977777777778,-59.8327777777778
2019-05-30,CASIER/CAGE - TRAP/POT,1,0,30,46.3738888888889,-61.2580555555556
2019-05-26,CASIER/CAGE - TRAP/POT,1,0,500,47.9958333333333,-63.4486111111111
2019-05-29,CASIER/CAGE - TRAP/POT,1,0,450,47.8413888888889,-63.3872222222222
2019-05-29,CASIER/CAGE - TRAP/POT,1,0,450,47.1683333333333,-62.7694444444444
2019-05-29,CASIER/CAGE - TRAP/POT,1,0,450,47.1269444444444,-62.8005555555556
2019-05-28,CASIER/CAGE - TRAP/POT,1,0,0,47.4391666666667,-61.9352777777778
2019-05-24,CASIER/CAGE - TRAP/POT,1,0,0,48.0702777777778,-61.7722222222222
2019-05-24,CASIER/CAGE - TRAP/POT,1,0,450,48.0605555555556,-61.7930555555556
2019-05-30,CASIER/CAGE - TRAP/POT,1,0,450,47.2166666666667,-63.5880555555556
2019-05-31,CASIER/CAGE - TRAP/POT,1,0,0,47.1716666666667,-62.7066666666667
2019-05-23,CASIER/CAGE - TRAP/POT,1,0,400,47.3805555555556,-63.125
2019-05-30,CASIER/CAGE - TRAP/POT,1,0,0,46.9002777777778,-63.9575
2019-05-30,CASIER/CAGE - TRAP/POT,1,0,0,47.33,-62.0455555555556
2019-05-30,CASIER/CAGE - TRAP/POT,1,0,0,47.4933333333333,-61.3922222222222
2019-05-25,CASIER/CAGE - TRAP/POT,1,0,80,47.1777777777778,-61.0916666666667
2019-05-28,CASIER/CAGE - TRAP/POT,1,0,480,47.2783333333333,-62.5941666666667
2019-05-28,CASIER/CAGE - TRAP/POT,1,0,480,47.2872222222222,-62.6391666666667
2019-05-31,CASIER/CAGE - TRAP/POT,1,0,500,47.7886111111111,-62.4772222222222
2019-05-31,CASIER/CAGE - TRAP/POT,6,0,540,46.2086111111111,-62.1891666666667
2019-05-31,CASIER/CAGE - TRAP/POT,7,0,600,46.2002777777778,-62.2558333333333
2019-05-20,CASIER/CAGE - TRAP/POT,1,0,0,45.8202777777778,-63.2613888888889
2019-05-24,CASIER/CAGE - TRAP/POT,2,0,50,45.8244444444444,-63.2338888888889
2019-05-28,CASIER/CAGE - TRAP/POT,1,0,450,48.1025,-63.5136111111111
2019-05-28,CASIER/CAGE - TRAP/POT,1,0,450,47.9727777777778,-63.3644444444444
2019-05-28,CASIER/CAGE - TRAP/POT,1,0,450,47.97,-63.3722222222222
2019-05-23,CASIER/CAGE - TRAP/POT,1,0,0,49.0191666666667,-67.0263888888889
2019-05-21,CASIER/CAGE - TRAP/POT,1,0,0,47.8927777777778,-64.4769444444444
2019-05-20,CASIER/CAGE - TRAP/POT,1,0,0,47.9797222222222,-63.5527777777778
2019-05-25,CASIER/CAGE - TRAP/POT,1,0,0,47.4991666666667,-64.8541666666667
2019-05-23,CASIER/CAGE - TRAP/POT,1,0,0,47.8583333333333,-63.795
2019-05-20,CASIER/CAGE - TRAP/POT,5,0,540,47.455,-61.4819444444444
2019-05-17,CASIER/CAGE - TRAP/POT,5,0,540,47.4616666666667,-61.4663888888889
2019-05-19,CASIER/CAGE - TRAP/POT,1,0,450,46.8408333333333,-62.2405555555556
2019-05-19,CASIER/CAGE - TRAP/POT,1,0,450,46.7886111111111,-61.5361111111111
2019-05-23,CASIER/CAGE - TRAP/POT,1,0,0,47.8405555555556,-65.0877777777778
2019-05-06,CASIER/CAGE - TRAP/POT,1,0,400,47.3566666666667,-63.5658333333333
2019-06-01,CASIER/CAGE - TRAP/POT,1,0,450,47.4286111111111,-62.6686111111111
2019-05-20,CASIER/CAGE - TRAP/POT,1,0,0,45.8202777777778,-63.2613888888889
2019-05-24,CASIER/CAGE - TRAP/POT,2,0,50,45.8244444444444,-63.2338888888889
2019-05-23,CASIER/CAGE - TRAP/POT,1,0,0,46.5005555555556,-62.3169444444444
2019-05-21,CASIER/CAGE - TRAP/POT,12,0,246,46.5755555555556,-63.7088888888889
2019-05-27,CASIER/CAGE - TRAP/POT,1,0,0,45.1955555555556,-61.1575
2019-05-27,CASIER/CAGE - TRAP/POT,1,0,0,45.2013888888889,-61.1861111111111
2019-05-26,CASIER/CAGE - TRAP/POT,1,0,0,46.4933333333333,-63.3077777777778
2019-05-31,CASIER/CAGE - TRAP/POT,1,0,0,45.4222222222222,-61.0275
2019-06-02,CASIER/CAGE - TRAP/POT,1,0,0,45.4863888888889,-61.0722222222222
2019-06-01,CASIER/CAGE - TRAP/POT,1,0,432,47.5241666666667,-62.5875
2019-06-01,CASIER/CAGE - TRAP/POT,1,0,432,47.5161111111111,-62.5672222222222
2019-05-09,CASIER/CAGE - TRAP/POT,1,0,450,47.5166666666667,-63.7691666666667
2019-05-07,CASIER/CAGE - TRAP/POT,1,0,450,47.5933333333333,-63.6425
2019-05-07,CASIER/CAGE - TRAP/POT,1,0,450,47.6208333333333,-63.6133333333333
2019-06-01,CASIER/CAGE - TRAP/POT,1,0,0,46.8447222222222,-64.0052777777778
2019-06-01,CASIER/CAGE - TRAP/POT,1,0,0,46.9083333333333,-63.9161111111111
2019-06-01,CASIER/CAGE - TRAP/POT,1,0,0,46.8438888888889,-63.9822222222222
2019-06-01,CASIER/CAGE - TRAP/POT,1,0,0,46.8455555555556,-63.9844444444444
2019-06-01,CASIER/CAGE - TRAP/POT,1,0,0,46.9233333333333,-63.9552777777778
2019-06-01,CASIER/CAGE - TRAP/POT,1,0,500,47.9958333333333,-63.4486111111111
2019-06-01,CASIER/CAGE - TRAP/POT,6,0,540,46.1930555555556,-62.2008333333333
2019-06-01,CASIER/CAGE - TRAP/POT,6,0,540,46.2055555555556,-62.1886111111111
2019-06-01,CASIER/CAGE - TRAP/POT,1,0,600,47.8183333333333,-62.9461111111111
2019-06-01,CASIER/CAGE - TRAP/POT,1,0,600,47.8247222222222,-62.9058333333333
2019-06-02,CASIER/CAGE - TRAP/POT,2,0,30,15.9208333333333,-30.1372222222222
2019-05-21,CASIER/CAGE - TRAP/POT,1,0,0,47.3219444444444,-62.0725
2019-05-24,CASIER/CAGE - TRAP/POT,6,0,0,46.5016666666667,-62.2355555555556
2019-05-24,CASIER/CAGE - TRAP/POT,0,0,0,46.5002777777778,-62.2352777777778
2019-05-24,CASIER/CAGE - TRAP/POT,0,0,0,46.535,-62.25
2019-06-03,CASIER/CAGE - TRAP/POT,1,0,0,46.8880555555556,-63.9680555555556
2019-05-28,CASIER/CAGE - TRAP/POT,1,0,0,47.6588888888889,-63.6088888888889
2019-05-01,CASIER/CAGE - TRAP/POT,6,0,0,45.9175,-62.2677777777778
2019-05-30,CASIER/CAGE - TRAP/POT,1,0,450,46.7177777777778,-61.4933333333333
2019-05-21,CASIER/CAGE - TRAP/POT,10,0,600,46.3888888888889,-60.2516666666667
2019-05-31,CASIER/CAGE - TRAP/POT,1,0,0,47.0672222222222,-63.9691666666667
2019-06-04,CASIER/CAGE - TRAP/POT,1,0,550,48.2166666666667,-63.5522222222222
2019-05-17,CASIER/CAGE - TRAP/POT,1,0,480,47.3936111111111,-62.4775
2019-05-19,CASIER/CAGE - TRAP/POT,1,0,498,47.4236111111111,-62.5486111111111
2019-05-24,CASIER/CAGE - TRAP/POT,1,0,498,47.9861111111111,-61.7908333333333
2019-05-24,CASIER/CAGE - TRAP/POT,1,0,498,47.9747222222222,-61.7869444444444
2019-05-24,CASIER/CAGE - TRAP/POT,1,0,498,47.9758333333333,-61.8077777777778
2019-05-24,CASIER/CAGE - TRAP/POT,1,0,498,47.9661111111111,-61.8183333333333
2019-05-19,CASIER/CAGE - TRAP/POT,1,0,498,47.4236111111111,-62.5486111111111
2019-05-24,CASIER/CAGE - TRAP/POT,20,0,3000,49.0088888888889,-67.0130555555556
2019-05-27,CASIER/CAGE - TRAP/POT,1,0,0,47.9691666666667,-64.4555555555556
2019-05-22,CASIER/CAGE - TRAP/POT,57,0,4500,46.5666666666667,-63.69
2019-05-28,CASIER/CAGE - TRAP/POT,5,0,360,46.8433333333333,-60.8044444444444
2019-06-03,CASIER/CAGE - TRAP/POT,1,0,0,46.4688888888889,-61.9355555555556
2019-06-04,CASIER/CAGE - TRAP/POT,1,0,5,47.9894444444444,-64.5708333333333
2019-05-22,CASIER/CAGE - TRAP/POT,2,0,96,46.8769444444444,-60.4066666666667
2019-06-04,CASIER/CAGE - TRAP/POT,1,0,0,47.4477777777778,-61.9994444444444
2019-05-28,CASIER/CAGE - TRAP/POT,1,0,0,47.6858333333333,-63.4266666666667
2019-06-04,CASIER/CAGE - TRAP/POT,1,0,0,47.1225,-63.1672222222222
2019-05-26,CASIER/CAGE - TRAP/POT,2,0,0,47.7672222222222,-65.3277777777778
2019-05-30,CASIER/CAGE - TRAP/POT,1,0,0,47.8441666666667,-65.1805555555556
2019-05-27,CASIER/CAGE - TRAP/POT,1,0,0,47.6916666666667,-65.2888888888889
2019-05-30,CASIER/CAGE - TRAP/POT,1,0,0,46.9347222222222,-63.0161111111111
2019-05-30,CASIER/CAGE - TRAP/POT,1,0,0,46.9933333333333,-62.9847222222222
2019-05-30,CASIER/CAGE - TRAP/POT,1,0,0,47.2525,-63.7097222222222
2019-05-30,CASIER/CAGE - TRAP/POT,1,0,0,46.9619444444444,-62.9908333333333
2019-06-05,CASIER/CAGE - TRAP/POT,1,0,0,46.8880555555556,-63.9680555555556
2019-05-28,CASIER/CAGE - TRAP/POT,3,0,0,47.0383333333333,-60.5436111111111
2019-05-13,CASIER/CAGE - TRAP/POT,30,0,5400,45.98,-63.2588888888889
2019-06-03,CASIER/CAGE - TRAP/POT,1,0,498,47.9872222222222,-63.6827777777778
2019-06-03,CASIER/CAGE - TRAP/POT,1,0,498,48.0952777777778,-63.7808333333333
2019-06-05,CASIER/CAGE - TRAP/POT,1,0,600,47.8122222222222,-62.9555555555556
2019-05-30,CASIER/CAGE - TRAP/POT,2,0,780,47.1536111111111,-63.2658333333333
2019-05-30,CASIER/CAGE - TRAP/POT,2,0,780,47.165,-63.235
2019-05-31,CASIER/CAGE - TRAP/POT,1,0,450,46.8497222222222,-62.1930555555556
2019-05-31,CASIER/CAGE - TRAP/POT,1,0,450,46.8516666666667,-62.2555555555556
2019-05-31,CASIER/CAGE - TRAP/POT,1,0,440,46.835,-61.9508333333333
2019-05-31,CASIER/CAGE - TRAP/POT,1,0,445,46.8330555555556,-61.8252777777778
2019-06-01,CASIER/CAGE - TRAP/POT,1,0,0,47.8383333333333,-61.3913888888889
2019-06-06,CASIER/CAGE - TRAP/POT,1,0,0,46.87,-64.1686111111111
2019-06-06,AUTRE - OTHER,1,Liner inside rake is 15 ft,No rope lost. Lost 1770 ft of wire. ,43.1969444444444,-66.3958333333333
2019-06-02,CASIER/CAGE - TRAP/POT,1,0,0,47.8436111111111,-62.7519444444444
2019-06-06,CASIER/CAGE - TRAP/POT,2,0,0,46.4502777777778,-61.9516666666667
2019-06-06,CASIER/CAGE - TRAP/POT,1,0,0,46.8608333333333,-63.9886111111111
2019-06-06,CASIER/CAGE - TRAP/POT,1,0,0,46.8680555555556,-64.0186111111111
2019-06-06,AUTRE - OTHER,1,Liner inside rake is 15 ft,No rope lost. Lost 1770 ft of wire. ,43.1969444444444,-66.3958333333333
2019-06-05,CASIER/CAGE - TRAP/POT,1,0,0,46.8186111111111,-63.9994444444444
2019-06-06,CASIER/CAGE - TRAP/POT,1,0,0,46.6861111111111,-63.9211111111111
2019-06-06,CASIER/CAGE - TRAP/POT,1,0,600,48.1058333333333,-63.675
2019-06-05,CASIER/CAGE - TRAP/POT,1,0,600,48.2875,-63.4436111111111
2019-06-06,CASIER/CAGE - TRAP/POT,1,0,600,48.1713888888889,-63.5877777777778
2019-06-06,CASIER/CAGE - TRAP/POT,1,0,600,49.0586111111111,-63.5238888888889
2019-06-05,CASIER/CAGE - TRAP/POT,1,0,600,48.2736111111111,-64.4277777777778
2019-06-05,CASIER/CAGE - TRAP/POT,1,0,450,47.7747222222222,-62.9961111111111
2019-06-05,CASIER/CAGE - TRAP/POT,1,0,450,47.4041666666667,-63.4327777777778
2019-06-05,CASIER/CAGE - TRAP/POT,1,0,450,48.9569444444444,-64.2425
2019-06-05,CASIER/CAGE - TRAP/POT,1,0,450,47.2211111111111,-63.5988888888889
2019-06-04,CASIER/CAGE - TRAP/POT,1,0,498,47.8333333333333,-63.1833333333333
2019-06-04,CASIER/CAGE - TRAP/POT,1,0,498,47.8583333333333,-63.1833333333333
2019-06-04,CASIER/CAGE - TRAP/POT,1,0,498,47.8694444444444,-63.1105555555556
2019-05-13,CASIER/CAGE - TRAP/POT,1,0,500,48.2030555555556,-61.3516666666667
2019-05-09,CASIER/CAGE - TRAP/POT,1,0,10,48.0497222222222,-61.3391666666667
2019-05-19,CASIER/CAGE - TRAP/POT,1,0,450,48.0566666666667,-61.3891666666667
2019-06-07,CASIER/CAGE - TRAP/POT,1,0,0,47.4919444444444,-61.3380555555556
2019-06-02,CASIER/CAGE - TRAP/POT,1,0,300,47.7655555555556,-63.1361111111111
2019-06-06,CASIER/CAGE - TRAP/POT,1,0,500,47.8152777777778,-62.3936111111111
2019-06-05,CASIER/CAGE - TRAP/POT,5,0,300,47.8813888888889,-64.7747222222222
2019-06-07,CASIER/CAGE - TRAP/POT,9,0,500,47.3191666666667,-60.6288888888889
2019-06-07,CASIER/CAGE - TRAP/POT,17,0,1000,47.3191666666667,-60.6288888888889
2019-06-01,CASIER/CAGE - TRAP/POT,1,0,0,47.4908333333333,-64.1811111111111
2019-06-05,CASIER/CAGE - TRAP/POT,1,0,450,47.01,-63.0158333333333
2019-06-05,CASIER/CAGE - TRAP/POT,1,0,450,46.9783333333333,-62.9091666666667
2019-06-05,CASIER/CAGE - TRAP/POT,1,0,450,46.9369444444444,-62.5819444444444
2019-05-28,CASIER/CAGE - TRAP/POT,1,0,500,46.8169444444444,-61.9555555555556
2019-06-04,CASIER/CAGE - TRAP/POT,1,0,120,47.1527777777778,-62.7111111111111
2019-06-04,CASIER/CAGE - TRAP/POT,1,0,0,47.2277777777778,-62.6616666666667
2019-06-06,CASIER/CAGE - TRAP/POT,1,0,450,47.1086111111111,-62.1311111111111
2019-06-05,CASIER/CAGE - TRAP/POT,1,0,420,46.9677777777778,-62.9769444444444
2019-05-29,CASIER/CAGE - TRAP/POT,1,0,900,45.0763888888889,-59.2211111111111
2019-05-29,CASIER/CAGE - TRAP/POT,1,0,900,45.0677777777778,-59.2477777777778
2019-05-29,CASIER/CAGE - TRAP/POT,1,0,900,45.0741666666667,-59.2480555555556
2019-05-29,CASIER/CAGE - TRAP/POT,1,0,900,45.0416666666667,-59.0883333333333
2019-06-07,CASIER/CAGE - TRAP/POT,1,0,0,46.7841666666667,-64.0019444444444
2019-06-08,CASIER/CAGE - TRAP/POT,1,0,0,46.8461111111111,-64.0188888888889
2019-06-10,CASIER/CAGE - TRAP/POT,6,0,0,46.4713888888889,-63.0072222222222
2019-06-07,CASIER/CAGE - TRAP/POT,2,0,0,47.6383333333333,-61.3547222222222
2019-06-08,CASIER/CAGE - TRAP/POT,1,0,0,46.8363888888889,-64.0005555555556
2019-06-07,CASIER/CAGE - TRAP/POT,1,0,0,46.8244444444444,-64.0094444444444
2019-06-08,CASIER/CAGE - TRAP/POT,1,0,0,46.8791666666667,-63.9613888888889
2019-06-08,CASIER/CAGE - TRAP/POT,6,0,0,46.4691666666667,-62.0675
2019-06-06,CASIER/CAGE - TRAP/POT,9,0,810,46.2719444444444,-60.2152777777778
2019-06-09,CASIER/CAGE - TRAP/POT,2,0,0,45.3577777777778,-61.2680555555556
2019-06-07,CASIER/CAGE - TRAP/POT,1,0,225,48.2694444444444,-64.0716666666667
2019-06-07,CASIER/CAGE - TRAP/POT,1,0,0,47.6766666666667,-61.9194444444444
2019-06-05,CASIER/CAGE - TRAP/POT,1,0,420,47.0583333333333,-63.2694444444444
2019-06-05,CASIER/CAGE - TRAP/POT,1,0,420,47.0594444444444,-63.2775
2019-06-08,CASIER/CAGE - TRAP/POT,1,0,432,46.9358333333333,-63.0072222222222
2019-06-09,FILET - NET,3,252,210,48.0705555555556,-64.3761111111111
2019-06-02,CASIER/CAGE - TRAP/POT,1,0,0,47.6666666666667,-64.75
2019-06-05,CASIER/CAGE - TRAP/POT,2,0,0,45.6933333333333,-60.2966666666667
2019-06-10,CASIER/CAGE - TRAP/POT,1,0,0,46.7691666666667,-63.9311111111111
2019-06-10,CASIER/CAGE - TRAP/POT,1,0,450,46.9863888888889,-62.8738888888889
2019-05-30,CASIER/CAGE - TRAP/POT,1,0,480,46.8425,-61.9933333333333
2019-06-05,CASIER/CAGE - TRAP/POT,5,0,0,46.5244444444444,-61.0769444444445
2019-05-25,CASIER/CAGE - TRAP/POT,1,0,0,47.7272222222222,-61.5830555555556
2019-05-29,CASIER/CAGE - TRAP/POT,2,0,0,47.6558333333333,-61.4938888888889
2019-06-05,CASIER/CAGE - TRAP/POT,1,0,6,49.1694444444444,-68.0933333333333
2019-06-05,CASIER/CAGE - TRAP/POT,1,0,450,47.9847222222222,-63.4430555555556
2019-06-09,CASIER/CAGE - TRAP/POT,1,0,0,45.3572222222222,-60.8508333333333
2019-06-09,CASIER/CAGE - TRAP/POT,1,0,0,45.3494444444444,-60.8563888888889
2019-06-09,CASIER/CAGE - TRAP/POT,1,0,0,45.3086111111111,-60.8933333333333
2019-05-28,CASIER/CAGE - TRAP/POT,1,0,0,46.5727777777778,-63.6783333333333
2019-06-06,CASIER/CAGE - TRAP/POT,1,0,500,47.6775,-63.4930555555556
2019-05-30,CASIER/CAGE - TRAP/POT,1,0,0,46.7963888888889,-61.8555555555556
2019-06-01,CASIER/CAGE - TRAP/POT,1,0,10,46.7572222222222,-61.805
2019-06-01,CASIER/CAGE - TRAP/POT,1,0,0,46.7933333333333,-61.8680555555556
2019-06-06,CASIER/CAGE - TRAP/POT,1,0,0,47.7833333333333,-63.4027777777778
2019-06-06,CASIER/CAGE - TRAP/POT,1,0,500,47.6775,-63.4930555555556
2019-06-01,CASIER/CAGE - TRAP/POT,1,0,475,47.5294444444444,-63.1777777777778
2019-06-01,CASIER/CAGE - TRAP/POT,1,0,475,47.8866666666667,-63.3111111111111
2019-06-09,CASIER/CAGE - TRAP/POT,3,0,1350,15.1791666666667,-30
2019-06-08,CASIER/CAGE - TRAP/POT,1,0,0,47.9722222222222,-64.5708333333333
2019-06-10,CASIER/CAGE - TRAP/POT,1,0,240,47.9363888888889,-63.8272222222222
2019-06-11,CASIER/CAGE - TRAP/POT,1,0,0,46.5591666666667,-63.0680555555556
2019-06-11,CASIER/CAGE - TRAP/POT,1,0,0,46.8375,-64.0038888888889
2019-06-11,CASIER/CAGE - TRAP/POT,1,0,0,46.8297222222222,-64.0025
2019-06-08,CASIER/CAGE - TRAP/POT,1,0,450,47.0113888888889,-63.035
2019-06-11,CASIER/CAGE - TRAP/POT,1,0,0,46.8402777777778,-63.9872222222222
2019-06-09,CASIER/CAGE - TRAP/POT,1,0,0,47.0422222222222,-62.4508333333333
2019-06-04,CASIER/CAGE - TRAP/POT,1,0,120,47.1527777777778,-62.7111111111111
2019-05-23,CASIER/CAGE - TRAP/POT,1,0,400,47.3805555555556,-63.125
2019-06-08,CASIER/CAGE - TRAP/POT,1,0,10,47.5877777777778,-63.3105555555556
2019-06-04,CASIER/CAGE - TRAP/POT,1,0,0,47.2277777777778,-62.6616666666667
2019-06-11,CASIER/CAGE - TRAP/POT,1,0,300,48.1577777777778,-64.8433333333333
2019-06-11,CASIER/CAGE - TRAP/POT,1,0,300,48.1577777777778,-64.8433333333333
2019-06-11,CASIER/CAGE - TRAP/POT,1,0,300,48.1577777777778,-64.8433333333333
2019-06-11,CASIER/CAGE - TRAP/POT,1,0,500,48.1886111111111,-64.7391666666667
2019-06-11,CASIER/CAGE - TRAP/POT,1,0,500,48.1877777777778,-64.6944444444444
2019-06-11,CASIER/CAGE - TRAP/POT,1,0,500,48.1736111111111,-64.6841666666667
2019-06-11,CASIER/CAGE - TRAP/POT,1,0,500,48.2166666666667,-64.6666666666667
2019-06-05,CASIER/CAGE - TRAP/POT,1,0,60,46.4855555555556,-61.4513888888889
2019-06-05,CASIER/CAGE - TRAP/POT,1,0,60,46.4855555555556,-61.4513888888889
2019-05-27,CASIER/CAGE - TRAP/POT,4,0,288,46.1169444444444,-60.7522222222222
2019-06-07,CASIER/CAGE - TRAP/POT,32,0,4224,46.2738888888889,-60.6997222222222
2019-06-11,CASIER/CAGE - TRAP/POT,1,0,0,47.4747222222222,-61.9194444444444
2019-05-28,CASIER/CAGE - TRAP/POT,8,0,888,46.3388888888889,-60.1683333333333
2019-05-23,CASIER/CAGE - TRAP/POT,2,0,120,46.0766666666667,-59.8366666666667
2019-06-12,CASIER/CAGE - TRAP/POT,1,0,0,46.0761111111111,-63.9108333333333
2019-05-31,CASIER/CAGE - TRAP/POT,0,0,0,47.5855555555556,-64.8022222222222
2019-06-04,CASIER/CAGE - TRAP/POT,5,0,500,47.5372222222222,-60.5833333333333
2019-06-04,CASIER/CAGE - TRAP/POT,1,0,100,47.5402777777778,-60.5886111111111
2019-06-04,CASIER/CAGE - TRAP/POT,1,0,100,47.5333333333333,-60.5766666666667
2019-06-04,CASIER/CAGE - TRAP/POT,1,0,100,47.4955555555556,-60.5613888888889
2019-06-04,CASIER/CAGE - TRAP/POT,1,0,100,47.4975,-60.5566666666667
2019-06-04,CASIER/CAGE - TRAP/POT,1,0,100,47.5477777777778,-60.5711111111111
2019-06-06,CASIER/CAGE - TRAP/POT,1,0,0,47.86,-65.0488888888889
2019-06-05,CASIER/CAGE - TRAP/POT,1,0,0,46.4844444444444,-61.0902777777778
2019-06-07,CASIER/CAGE - TRAP/POT,1,0,0,46.71,-60.9516666666667
2019-05-30,CASIER/CAGE - TRAP/POT,2,0,15,46.0511111111111,-61.5477777777778
2019-06-12,CASIER/CAGE - TRAP/POT,1,0,0,47.0877777777778,-36.9708333333333
2019-05-27,CASIER/CAGE - TRAP/POT,1,0,5,45.6069444444444,-60.52
2019-06-05,CASIER/CAGE - TRAP/POT,1,0,0,46.3125,-62.3480555555556
2019-06-05,CASIER/CAGE - TRAP/POT,1,0,50,48.3516666666667,-63.7425
2019-06-05,CASIER/CAGE - TRAP/POT,1,0,450,47.01,-63.0158333333333
2019-06-05,CASIER/CAGE - TRAP/POT,1,0,450,46.9783333333333,-62.9091666666667
2019-06-05,CASIER/CAGE - TRAP/POT,1,0,450,46.9369444444444,-62.5819444444444
2019-06-11,CASIER/CAGE - TRAP/POT,1,0,0,46.7294444444444,-63.9444444444444
2019-06-12,CASIER/CAGE - TRAP/POT,1,0,0,46.7305555555556,-63.9333333333333
2019-06-10,CASIER/CAGE - TRAP/POT,1,0,500,48.2697222222222,-64.0880555555556
2019-06-13,CASIER/CAGE - TRAP/POT,1,0,432,47.4602777777778,-64.1905555555556
2019-06-13,CASIER/CAGE - TRAP/POT,1,0,90,46.2677777777778,-60.7616666666667
2019-06-05,CASIER/CAGE - TRAP/POT,1,0,450,47.3938888888889,-62.5063888888889
2019-06-05,CASIER/CAGE - TRAP/POT,1,0,450,47.3863888888889,-62.5016666666667
2019-06-07,CASIER/CAGE - TRAP/POT,1,0,600,48.7058333333333,-64.1425
2019-05-04,CASIER/CAGE - TRAP/POT,2,0,140,46.2561111111111,-61.3205555555556
2019-05-04,CASIER/CAGE - TRAP/POT,2,0,140,46.2661111111111,-61.3302777777778
2019-05-04,CASIER/CAGE - TRAP/POT,2,0,140,46.2613888888889,-61.3391666666667
2019-05-10,CASIER/CAGE - TRAP/POT,2,0,140,46.2652777777778,-61.3425
2019-05-18,CASIER/CAGE - TRAP/POT,1,0,0,46.2555555555556,-61.3194444444444
2019-05-24,CASIER/CAGE - TRAP/POT,2,0,140,46.2502777777778,-61.32
2019-05-24,CASIER/CAGE - TRAP/POT,2,0,200,46.2680555555556,-61.3258333333333
2019-06-13,CASIER/CAGE - TRAP/POT,1,0,1,47.2955555555556,-61.6241666666667
2019-06-04,CASIER/CAGE - TRAP/POT,1,0,500,47.1283333333333,-62.7919444444444
2019-06-13,CASIER/CAGE - TRAP/POT,1,0,360,48.5544444444444,-62.0677777777778
2019-06-13,CASIER/CAGE - TRAP/POT,1,0,0,47.8044444444444,-61.3538888888889
2019-06-10,CASIER/CAGE - TRAP/POT,1,0,60,46.8366666666667,-61.4261111111111
2019-06-15,CASIER/CAGE - TRAP/POT,1,0,0,47.3361111111111,-64.0538888888889
2019-06-15,CASIER/CAGE - TRAP/POT,1,0,0,46.7194444444444,-63.9230555555556
2019-06-15,CASIER/CAGE - TRAP/POT,1,0,0,46.8372222222222,-63.9555555555556
2019-06-16,CASIER/CAGE - TRAP/POT,1,0,420,47.3113888888889,-62.5752777777778
2019-06-10,CASIER/CAGE - TRAP/POT,1,0,480,47.9375,-65.2352777777778
2019-06-10,CASIER/CAGE - TRAP/POT,1,0,480,47.9133333333333,-65.1977777777778
2019-06-16,CASIER/CAGE - TRAP/POT,1,0,0,47.2436111111111,-62.6872222222222
2019-06-16,CASIER/CAGE - TRAP/POT,1,0,0,47.1225,-62.7847222222222
2019-06-17,CASIER/CAGE - TRAP/POT,3,0,0,46.4688888888889,-62.0858333333333
2019-06-15,CASIER/CAGE - TRAP/POT,1,0,80,49.8519444444444,-80.7344444444444
2019-06-17,CASIER/CAGE - TRAP/POT,3,0,0,46.4688888888889,-62.0858333333333
2019-06-10,CASIER/CAGE - TRAP/POT,1,0,500,47.4694444444444,-62.5091666666667
2019-06-10,CASIER/CAGE - TRAP/POT,1,0,500,47.5366666666667,-62.44
2019-06-11,CASIER/CAGE - TRAP/POT,1,0,475,47.8255555555556,-62.4736111111111
2019-06-11,CASIER/CAGE - TRAP/POT,1,0,475,47.5288888888889,-63.475
2019-06-11,CASIER/CAGE - TRAP/POT,3,0,300,47.3438888888889,-64.9177777777778
2019-06-11,CASIER/CAGE - TRAP/POT,3,0,300,47.2522222222222,-64.9069444444444
2019-06-10,CASIER/CAGE - TRAP/POT,1,0,420,46.4408333333333,-61.4213888888889
2019-06-09,CASIER/CAGE - TRAP/POT,1,0,0,46.5091666666667,-61.4561111111111
2019-06-11,CASIER/CAGE - TRAP/POT,5,0,0,46.4663888888889,-61.0969444444444
2019-06-08,CASIER/CAGE - TRAP/POT,2,0,90,48.0025,-64.4805555555556
2019-06-10,CASIER/CAGE - TRAP/POT,1,0,400,47.1572222222222,-61.1063888888889
2019-06-09,CASIER/CAGE - TRAP/POT,5,0,50,47.7269444444444,-64.6052777777778
2019-06-17,CASIER/CAGE - TRAP/POT,1,0,0,46.1563888888889,-62.2213888888889
2019-06-17,CASIER/CAGE - TRAP/POT,1,0,0,46.9411111111111,-62.9366666666667
2019-06-08,FILET - NET,1,60,60,14.3008333333333,-30.3188888888889
2019-05-08,CASIER/CAGE - TRAP/POT,3,0,300,47.5230555555556,-64.6419444444444
2019-06-13,CASIER/CAGE - TRAP/POT,1,0,0,47.8161111111111,-62.4025
2019-06-15,AUTRE - OTHER,1,0,500,47.4808333333333,-61.5730555555556
2019-06-17,CASIER/CAGE - TRAP/POT,1,0,0,46.8569444444444,-63.9944444444444
2019-06-13,CASIER/CAGE - TRAP/POT,1,0,0,47.2336111111111,-62.6911111111111
2019-06-17,CASIER/CAGE - TRAP/POT,1,0,210,47.3388888888889,-63.6238888888889
2019-06-17,CASIER/CAGE - TRAP/POT,1,0,210,47.3525,-63.5733333333333
2019-06-17,CASIER/CAGE - TRAP/POT,1,0,210,47.5477777777778,-63.5908333333333
2019-06-17,CASIER/CAGE - TRAP/POT,1,0,210,47.34,-63.4427777777778
2019-06-17,CASIER/CAGE - TRAP/POT,1,0,210,47.3255555555556,-63.2588888888889
2019-06-17,CASIER/CAGE - TRAP/POT,1,0,210,47.3486111111111,-63.2775
2019-06-17,CASIER/CAGE - TRAP/POT,1,0,210,47.4527777777778,-64.1852777777778
2019-06-17,CASIER/CAGE - TRAP/POT,1,0,210,47.4566666666667,-64.1344444444445
2019-06-17,CASIER/CAGE - TRAP/POT,1,0,210,47.4702777777778,-64.3072222222222
2019-06-17,CASIER/CAGE - TRAP/POT,1,0,210,47.4877777777778,-64.6977777777778
2019-05-24,CASIER/CAGE - TRAP/POT,13,0,247,46.6188888888889,-60.3688888888889
2019-05-29,CASIER/CAGE - TRAP/POT,30,0,4350,50.2569444444444,-56.3602777777778
2019-06-18,CASIER/CAGE - TRAP/POT,1,0,50,47.2047222222222,-63.2672222222222
2019-06-13,CASIER/CAGE - TRAP/POT,1,0,450,46.8047222222222,-62.0694444444444
2019-06-01,CASIER/CAGE - TRAP/POT,10,0,200,51.01,-57.0827777777778
2019-06-01,CASIER/CAGE - TRAP/POT,10,0,200,50.9908333333333,-57.0697222222222
2019-06-13,CASIER/CAGE - TRAP/POT,1,0,450,46.6591666666667,-61.4963888888889
2019-06-18,CASIER/CAGE - TRAP/POT,1,0,0,46.8269444444445,-64.005
2019-06-18,CASIER/CAGE - TRAP/POT,1,0,0,47.0361111111111,-64.0047222222222
2019-06-12,CASIER/CAGE - TRAP/POT,1,0,450,47.5280555555556,-63.4191666666667
2019-06-11,CASIER/CAGE - TRAP/POT,1,0,450,47.9669444444445,-61.8188888888889
2019-06-13,CASIER/CAGE - TRAP/POT,1,0,480,48.1555555555556,-64.7502777777778
2019-06-13,CASIER/CAGE - TRAP/POT,1,0,480,48.1694444444444,-64.7108333333333
2019-06-13,CASIER/CAGE - TRAP/POT,1,0,480,48.1719444444444,-64.7166666666667
2019-06-13,CASIER/CAGE - TRAP/POT,1,0,480,48.1358333333333,-64.7208333333333
2019-06-13,CASIER/CAGE - TRAP/POT,1,0,480,48.0497222222222,-64.8613888888889
2019-06-13,CASIER/CAGE - TRAP/POT,1,0,480,48.035,-64.8716666666667
2019-06-13,CASIER/CAGE - TRAP/POT,1,0,480,48.0361111111111,-64.8722222222222
2019-06-13,CASIER/CAGE - TRAP/POT,1,0,450,46.4852777777778,-61.4844444444444
2019-06-13,CASIER/CAGE - TRAP/POT,1,0,500,47.8183333333333,-62.4341666666667
2019-06-18,CASIER/CAGE - TRAP/POT,2,0,0,46.8122222222222,-63.9525
2019-06-13,CASIER/CAGE - TRAP/POT,1,0,0,46.6975,-60.9652777777778
2019-05-23,CASIER/CAGE - TRAP/POT,1,0,0,48.0397222222222,-64.3744444444444
2019-05-23,CASIER/CAGE - TRAP/POT,1,0,0,48.0413888888889,-64.3630555555555
2019-05-06,CASIER/CAGE - TRAP/POT,1,0,0,48.0572222222222,-64.4016666666667
2019-06-20,CASIER/CAGE - TRAP/POT,1,0,432,47.4136111111111,-63.2611111111111
2019-06-20,CASIER/CAGE - TRAP/POT,1,0,450,47.3483333333333,-63.4944444444444
2019-06-20,CASIER/CAGE - TRAP/POT,1,0,450,47.3505555555556,-63.5583333333333
2019-06-12,CASIER/CAGE - TRAP/POT,4,0,180,47.6169444444444,-64.7941666666667
2019-06-04,CASIER/CAGE - TRAP/POT,1,0,0,47.5083333333333,-61.4366666666667
2019-06-05,CASIER/CAGE - TRAP/POT,1,0,0,47.5086111111111,-61.3905555555556
2019-06-20,CASIER/CAGE - TRAP/POT,1,0,0,15.9258333333333,-30.0961111111111
2019-06-24,CASIER/CAGE - TRAP/POT,5,0,2250,46.7261111111111,-61.415
2019-06-23,CASIER/CAGE - TRAP/POT,1,0,498,47.9927777777778,-65.0469444444444
2019-06-23,CASIER/CAGE - TRAP/POT,1,0,498,47.9513888888889,-65.1483333333333
2019-06-01,CASIER/CAGE - TRAP/POT,1,0,260,47.8363888888889,-63.3369444444444
2019-06-01,CASIER/CAGE - TRAP/POT,1,0,260,47.835,-63.3175
2019-06-22,CASIER/CAGE - TRAP/POT,1,0,0,46.8591666666667,-63.9861111111111
2019-06-22,CASIER/CAGE - TRAP/POT,1,0,0,46.8369444444444,-63.9847222222222
2019-06-22,CASIER/CAGE - TRAP/POT,1,0,0,46.7738888888889,-64.0561111111111
2019-05-24,CASIER/CAGE - TRAP/POT,1,0,0,47.7669444444444,-63.1677777777778
2019-05-31,CASIER/CAGE - TRAP/POT,1,0,0,48.2063888888889,-63.3380555555556
2019-05-24,CASIER/CAGE - TRAP/POT,1,0,0,47.7677777777778,-63.1719444444444
2019-05-27,CASIER/CAGE - TRAP/POT,1,0,0,47.91,-63.1505555555556
2019-05-27,CASIER/CAGE - TRAP/POT,1,0,0,47.9769444444444,-63.3361111111111
2019-05-31,CASIER/CAGE - TRAP/POT,1,0,0,48.1341666666667,-63.5916666666667
2019-05-20,CASIER/CAGE - TRAP/POT,1,0,0,48.2188888888889,-63.3238888888889
2019-05-20,CASIER/CAGE - TRAP/POT,1,0,0,48.1583333333333,-62.7025
2019-05-20,CASIER/CAGE - TRAP/POT,1,0,0,48.1444444444444,-62.7302777777778
2019-06-22,CASIER/CAGE - TRAP/POT,3,0,0,46.8563888888889,-53.9822222222222
2019-05-17,CASIER/CAGE - TRAP/POT,1,0,0,48.0966666666667,-64.7430555555556
2019-06-06,CASIER/CAGE - TRAP/POT,1,0,0,48.2005555555556,-64.4669444444445
2019-06-24,CASIER/CAGE - TRAP/POT,1,0,0,47.5172222222222,-61.2683333333333
2019-06-24,CASIER/CAGE - TRAP/POT,1,0,0,46.7188888888889,-63.9275
2019-06-24,CASIER/CAGE - TRAP/POT,1,0,450,47.4238888888889,-63.1163888888889
2019-06-24,CASIER/CAGE - TRAP/POT,1,0,0,46.6858333333333,-63.8352777777778
2019-06-24,CASIER/CAGE - TRAP/POT,1,0,0,46.8366666666667,-64.0013888888889
2019-06-19,CASIER/CAGE - TRAP/POT,1,0,80,46.9672222222222,-61.2252777777778
2019-06-19,CASIER/CAGE - TRAP/POT,1,0,80,46.6347222222222,-61.5252777777778
2019-06-19,CASIER/CAGE - TRAP/POT,1,0,80,47.1766666666667,-61.0102777777778
2019-06-19,CASIER/CAGE - TRAP/POT,1,0,80,47.0558333333333,-61.1516666666667
2019-06-19,CASIER/CAGE - TRAP/POT,1,0,500,47.2697222222222,-62.6425
2019-06-19,CASIER/CAGE - TRAP/POT,1,0,450,47.1069444444444,-62.4963888888889
2019-06-11,CASIER/CAGE - TRAP/POT,1,0,0,47.8555555555556,-54.8544444444444
2019-06-20,CASIER/CAGE - TRAP/POT,1,0,0,47.6272222222222,-64.7925
2019-06-04,CASIER/CAGE - TRAP/POT,1,0,420,47.1841666666667,-63.6372222222222
2019-06-13,CASIER/CAGE - TRAP/POT,1,0,420,47.3291666666667,-63.5869444444444
2019-06-17,CASIER/CAGE - TRAP/POT,1,0,0,47.8052777777778,-64.7591666666667
2019-06-11,CASIER/CAGE - TRAP/POT,0,0,0,47.695,-64.6819444444445
2019-06-20,CASIER/CAGE - TRAP/POT,1,0,10,47.4891666666667,-64.8555555555556
2019-05-15,CASIER/CAGE - TRAP/POT,7,0,600,48.0711111111111,-64.2261111111111
2019-06-06,CASIER/CAGE - TRAP/POT,1,0,3,46.5477777777778,-63.5238888888889
2019-05-23,CASIER/CAGE - TRAP/POT,1,0,3,46.5530555555556,-63.52
2019-06-25,CASIER/CAGE - TRAP/POT,1,0,0,46.8580555555556,-64.0041666666667
2019-06-25,CASIER/CAGE - TRAP/POT,1,0,42,46.9430555555556,-62.8866666666667
2019-06-25,CASIER/CAGE - TRAP/POT,1,0,0,46.8363888888889,-63.9130555555556
2019-06-25,CASIER/CAGE - TRAP/POT,1,0,60,47.3575,-63.1013888888889
2019-06-25,CASIER/CAGE - TRAP/POT,1,0,60,47.6186111111111,-63.5522222222222
2019-06-26,CASIER/CAGE - TRAP/POT,1,0,0,47.5722222222222,-60.3936111111111
2019-06-15,CASIER/CAGE - TRAP/POT,2,0,900,46.475,-61.4963888888889
2019-06-28,CASIER/CAGE - TRAP/POT,1,0,498,47.9688888888889,-65.1147222222222
2019-06-18,CASIER/CAGE - TRAP/POT,1,0,0,46.2625,-61.3319444444444
2019-06-15,CASIER/CAGE - TRAP/POT,4,0,450,46.3033333333333,-60.1516666666667
2019-06-22,CASIER/CAGE - TRAP/POT,3,0,0,46.2522222222222,-60.035
2019-06-25,CASIER/CAGE - TRAP/POT,1,0,0,48.0041666666667,-65.0388888888889
2019-06-25,CASIER/CAGE - TRAP/POT,1,0,0,48.0052777777778,-65.0394444444444
2019-06-25,CASIER/CAGE - TRAP/POT,1,0,0,48.0194444444444,-65.0288888888889
2019-06-25,CASIER/CAGE - TRAP/POT,1,0,0,48.0261111111111,-64.9947222222222
2019-06-25,CASIER/CAGE - TRAP/POT,1,0,0,48.0252777777778,-64.9630555555556
2019-06-25,CASIER/CAGE - TRAP/POT,1,0,0,48.0258333333333,-64.9630555555556
2019-06-25,CASIER/CAGE - TRAP/POT,1,0,0,48.065,-64.9227777777778
2019-06-25,CASIER/CAGE - TRAP/POT,1,0,0,48.065,-64.9227777777778
2019-06-25,CASIER/CAGE - TRAP/POT,1,0,0,47.9844444444444,-64.9508333333333
2019-06-25,CASIER/CAGE - TRAP/POT,1,0,0,48.0627777777778,-64.8208333333333
2019-06-25,CASIER/CAGE - TRAP/POT,1,0,420,46.9777777777778,-63.0116666666667
2019-06-24,CASIER/CAGE - TRAP/POT,1,0,420,47.0180555555556,-62.7866666666667
2019-06-28,CASIER/CAGE - TRAP/POT,1,0,498,47.9694444444444,-65.0002777777778
2019-06-28,CASIER/CAGE - TRAP/POT,1,0,498,47.9722222222222,-65.1225
2019-06-27,CASIER/CAGE - TRAP/POT,1,0,600,47.3591666666667,-63.1358333333333
2019-06-24,CASIER/CAGE - TRAP/POT,16,8,192,46.2508333333333,-60.0388888888889
2019-05-07,CASIER/CAGE - TRAP/POT,1,0,0,46.2852777777778,-61.2763888888889
2019-05-05,CASIER/CAGE - TRAP/POT,1,0,0,48.1580555555556,-64.5802777777778
2019-05-05,CASIER/CAGE - TRAP/POT,1,0,0,48.1722222222222,-64.5133333333333
2019-05-05,CASIER/CAGE - TRAP/POT,1,0,0,48.1897222222222,-64.3833333333333
2019-05-05,CASIER/CAGE - TRAP/POT,1,0,0,48.0836111111111,-64.6613888888889
2019-05-03,CASIER/CAGE - TRAP/POT,1,0,0,47.8430555555556,-63.7958333333333
2019-05-03,CASIER/CAGE - TRAP/POT,1,0,0,47.8430555555556,-63.7958333333333
2019-05-03,CASIER/CAGE - TRAP/POT,1,0,360,47.4,-63.4166666666667
2019-05-03,CASIER/CAGE - TRAP/POT,1,0,360,47.5222222222222,-63.4236111111111
2019-05-03,CASIER/CAGE - TRAP/POT,1,0,0,47.5288888888889,-63.4247222222222
2019-05-06,CASIER/CAGE - TRAP/POT,1,0,0,47.4280555555556,-63.2019444444444
2019-05-07,CASIER/CAGE - TRAP/POT,1,0,0,46.6047222222222,-61.0522222222222
2019-05-08,CASIER/CAGE - TRAP/POT,1,0,0,46.6147222222222,-61.0644444444444
2019-05-08,CASIER/CAGE - TRAP/POT,1,0,0,46.6411111111111,-61.0472222222222
2019-05-06,CASIER/CAGE - TRAP/POT,1,0,0,46.2561111111111,-61.3205555555556
2019-05-06,CASIER/CAGE - TRAP/POT,1,0,0,46.2661111111111,-61.3302777777778
2019-05-04,CASIER/CAGE - TRAP/POT,1,0,0,46.2613888888889,-61.3391666666667
2019-06-27,CASIER/CAGE - TRAP/POT,1,0,300,47.1925,-61.1227777777778
2019-06-25,CASIER/CAGE - TRAP/POT,1,0,500,47.4897222222222,-63.5127777777778
2019-06-10,CASIER/CAGE - TRAP/POT,1,0,420,47.4272222222222,-63.1727777777778
2019-06-25,CASIER/CAGE - TRAP/POT,1,0,300,47.1019444444444,-63.4152777777778
2019-06-25,CASIER/CAGE - TRAP/POT,1,0,300,47.7258333333333,-63.0072222222222
2019-06-25,CASIER/CAGE - TRAP/POT,1,0,300,47.6044444444444,-63.1072222222222
2019-06-25,CASIER/CAGE - TRAP/POT,1,0,300,47.9077777777778,-66.8325
2019-06-25,CASIER/CAGE - TRAP/POT,1,0,300,47.9038888888889,-64.6363888888889
2019-05-10,CASIER/CAGE - TRAP/POT,1,0,0,46.2652777777778,-61.3425
2019-05-16,CASIER/CAGE - TRAP/POT,1,0,0,47.7436111111111,-65.3780555555555
2019-05-14,CASIER/CAGE - TRAP/POT,1,0,0,46.6408333333333,-61.0438888888889
2019-05-17,CASIER/CAGE - TRAP/POT,1,0,0,46.4861111111111,-61.1272222222222
2019-05-18,CASIER/CAGE - TRAP/POT,1,0,0,46.6813888888889,-60.9877777777778
2019-05-20,CASIER/CAGE - TRAP/POT,1,0,0,46.5402777777778,-61.0736111111111
2019-05-20,CASIER/CAGE - TRAP/POT,1,0,0,46.5475,-61.0861111111111
2019-05-18,CASIER/CAGE - TRAP/POT,1,0,0,46.2555555555556,-61.3194444444444
2019-05-23,CASIER/CAGE - TRAP/POT,1,0,0,46.8402777777778,-60.8227777777778
2019-05-23,CASIER/CAGE - TRAP/POT,1,0,0,47.7808333333333,-65.3411111111111
2019-05-23,CASIER/CAGE - TRAP/POT,1,0,0,47.7930555555556,-65.3286111111111
2019-05-24,CASIER/CAGE - TRAP/POT,1,0,0,46.5288888888889,-61.0675
2019-05-27,CASIER/CAGE - TRAP/POT,5,0,0,46.485,-62.7
2019-05-27,CASIER/CAGE - TRAP/POT,1,0,0,42.4022222222222,-62.7333333333333
2019-05-27,CASIER/CAGE - TRAP/POT,1,0,0,46.4686111111111,-62.7186111111111
2019-05-27,CASIER/CAGE - TRAP/POT,1,0,0,46.4666666666667,-62.7166666666667
2019-05-27,CASIER/CAGE - TRAP/POT,1,0,0,46.4994444444444,-62.6686111111111
2019-05-24,CASIER/CAGE - TRAP/POT,1,0,0,46.2502777777778,-61.3366666666667
2019-05-24,CASIER/CAGE - TRAP/POT,1,0,0,46.2680555555556,-61.3258333333333
2019-05-29,CASIER/CAGE - TRAP/POT,1,0,0,46.1163888888889,-61.4994444444444
2019-05-28,NON CONFIRME - UNCONFIRMED ,1,0,0,46.1225,-61.4761111111111
2019-05-28,NON CONFIRME - UNCONFIRMED ,1,0,0,46.1533333333333,-61.4577777777778
2019-05-31,CASIER/CAGE - TRAP/POT,1,0,0,46.6675,-60.9805555555556
2019-06-01,CASIER/CAGE - TRAP/POT,1,0,0,46.2838888888889,-61.2763888888889
2019-06-03,CASIER/CAGE - TRAP/POT,1,0,0,46.9713888888889,-60.6841666666667
2019-06-04,CASIER/CAGE - TRAP/POT,1,0,0,46.5358333333333,-61.0766666666667
2019-06-10,CASIER/CAGE - TRAP/POT,1,0,0,48.2422222222222,-64.4036111111111
2019-05-28,CASIER/CAGE - TRAP/POT,1,0,0,46.1733333333333,-61.4722222222222
2019-06-08,CASIER/CAGE - TRAP/POT,1,0,0,46.6558333333333,-61.0594444444444
2019-06-06,CASIER/CAGE - TRAP/POT,1,0,0,46.8405555555556,-64.0102777777778
2019-06-07,CASIER/CAGE - TRAP/POT,1,0,0,46.8033333333333,-64.0083333333333
2019-06-07,CASIER/CAGE - TRAP/POT,1,0,0,46.84,-64.0072222222222
2019-05-20,CASIER/CAGE - TRAP/POT,1,0,0,46.2622222222222,-61.3316666666667
2019-05-24,CASIER/CAGE - TRAP/POT,1,0,0,46.285,-61.2794444444444
2019-05-08,CASIER/CAGE - TRAP/POT,1,0,0,46.2697222222222,-61.3263888888889
2019-05-08,CASIER/CAGE - TRAP/POT,1,0,0,46.2852777777778,-61.3352777777778
2019-05-04,CASIER/CAGE - TRAP/POT,1,0,0,46.2561111111111,-61.3177777777778
2019-06-17,CASIER/CAGE - TRAP/POT,1,0,0,47.7655555555556,-63.7241666666667
2019-06-17,CASIER/CAGE - TRAP/POT,1,0,0,47.7958333333333,-63.7041666666667
2019-06-16,CASIER/CAGE - TRAP/POT,1,0,0,46.5661111111111,-61.0480555555556
2019-06-19,CASIER/CAGE - TRAP/POT,1,0,0,48.025,-65.0116666666667
2019-06-19,CASIER/CAGE - TRAP/POT,1,0,0,48.045,-65.0022222222222
2019-06-10,CASIER/CAGE - TRAP/POT,1,0,0,48.2422222222222,-64.4036111111111
2019-06-13,CASIER/CAGE - TRAP/POT,1,0,0,42.4436111111111,-62.8725
2019-06-27,CASIER/CAGE - TRAP/POT,1,0,300,47.0602777777778,-61.1858333333333
2019-06-27,CASIER/CAGE - TRAP/POT,1,0,300,47.4091666666667,-60.8866666666667
2019-06-27,CASIER/CAGE - TRAP/POT,1,0,300,47.3063888888889,-60.9019444444444
2018-06-21,CASIER/CAGE - TRAP/POT,10,0,360,46.9208333333333,-60.4566666666667
2019-09-26,CASIER/CAGE - TRAP/POT,1,0,0,47.2944444444444,-62.5694444444444
2019-09-26,CASIER/CAGE - TRAP/POT,1,0,0,47.3930555555556,-63.1527777777778
2019-06-27,CASIER/CAGE - TRAP/POT,5,0,2250,46.9325,-61.2319444444444
2019-06-29,CASIER/CAGE - TRAP/POT,5,0,450,46.7805555555556,-61.4172222222222
2019-06-20,CASIER/CAGE - TRAP/POT,0,0,600,48.7488888888889,-64.0475
2019-06-07,CASIER/CAGE - TRAP/POT,0,0,600,48.7444444444444,-64.2019444444445
2019-06-10,CASIER/CAGE - TRAP/POT,0,0,600,48.7488888888889,-64.2147222222222
2019-06-13,CASIER/CAGE - TRAP/POT,0,0,600,48.7361111111111,-64.2013888888889
2019-05-06,CASIER/CAGE - TRAP/POT,0,0,600,48.7016666666667,-64.1222222222222
2019-06-27,NON CONFIRME - UNCONFIRMED ,0,0,300,47.0602777777778,-61.1858333333333
2019-06-27,NON CONFIRME - UNCONFIRMED ,0,0,300,47.4091666666667,-60.8866666666667
2019-06-27,NON CONFIRME - UNCONFIRMED ,0,0,300,47.3063888888889,-60.9019444444444
2019-06-27,NON CONFIRME - UNCONFIRMED ,0,0,300,47.3063888888889,-60.9019444444444
2019-06-24,CASIER/CAGE - TRAP/POT,2,0,480,47.9347222222222,-65.0916666666667
2019-06-29,CASIER/CAGE - TRAP/POT,1,0,500,47.9388888888889,-65.2394444444444
2019-06-07,CASIER/CAGE - TRAP/POT,1,0,0,47.6463888888889,-61.5330555555556
2019-06-15,CASIER/CAGE - TRAP/POT,1,1,360,46.4547222222222,-61.3725
2019-06-25,CASIER/CAGE - TRAP/POT,0,1,300,47.5741666666667,-62.4341666666667
2019-06-27,CASIER/CAGE - TRAP/POT,5,0,0,47.4452777777778,-61.9272222222222
2019-06-27,CASIER/CAGE - TRAP/POT,5,0,0,47.4491666666667,-61.9233333333333
2019-06-27,CASIER/CAGE - TRAP/POT,5,0,0,47.4102777777778,-61.9858333333333
2019-06-26,CASIER/CAGE - TRAP/POT,1,0,450,47.0063888888889,-62.4983333333333
2019-06-30,NON CONFIRME - UNCONFIRMED ,0,7,0,47.3408333333333,-63.1880555555556
2019-06-30,NON CONFIRME - UNCONFIRMED ,0,7,450,47.4680555555556,-63.2586111111111
2019-06-30,NON CONFIRME - UNCONFIRMED ,0,7,450,47.2933333333333,-63.4955555555556
2019-06-30,NON CONFIRME - UNCONFIRMED ,0,7,0,48.3505555555556,-63.4605555555556
2019-06-25,CASIER/CAGE - TRAP/POT,3,0,450,47.9819444444444,-65.1222222222222
2019-06-23,CASIER/CAGE - TRAP/POT,1,0,80,46.2619444444444,-60.0377777777778
2019-06-25,CASIER/CAGE - TRAP/POT,1,0,510,48.2408333333333,-64.41
2019-06-25,CASIER/CAGE - TRAP/POT,1,0,510,48.2258333333333,-64.4355555555556
2019-06-20,CASIER/CAGE - TRAP/POT,1,0,450,47.4630555555556,-62.5361111111111
2019-06-28,CASIER/CAGE - TRAP/POT,1,0,400,47.8375,-62.3716666666667
2019-06-26,CASIER/CAGE - TRAP/POT,1,0,500,46.9444444444444,-6.52194444444444
2019-06-19,CASIER/CAGE - TRAP/POT,1,3,500,42.0369444444444,-6.72916666666667
2019-06-24,CASIER/CAGE - TRAP/POT,0,0,14,46.5530555555556,-63.4711111111111
2019-06-24,CASIER/CAGE - TRAP/POT,0,0,18,46.5475,-63.5069444444444
2019-06-24,CASIER/CAGE - TRAP/POT,0,0,6,46.5505555555556,-63.5147222222222
2019-06-19,CASIER/CAGE - TRAP/POT,1,0,0,47.8433333333333,-64.9241666666667
2019-06-30,CASIER/CAGE - TRAP/POT,1,0,0,45.5011111111111,-61.8727777777778
2019-07-02,CASIER/CAGE - TRAP/POT,1,0,1,47.3088888888889,-61.6016666666667
2019-06-25,FILET - NET,60,18000,0,61.8152777777778,-60.5530555555556
2019-06-29,CASIER/CAGE - TRAP/POT,1,0,0,47.3494444444444,-62.0152777777778
2019-06-28,CASIER/CAGE - TRAP/POT,1,0,600,48.2308333333333,-64.4363888888889
2019-06-27,CASIER/CAGE - TRAP/POT,1,0,240,47.9519444444445,-65.1597222222222
2019-07-02,CASIER/CAGE - TRAP/POT,1,0,0,46.75,-63.955
2019-06-18,CASIER/CAGE - TRAP/POT,26,0,2400,46.0086111111111,-54.6652777777778
2019-06-30,CASIER/CAGE - TRAP/POT,0,0,450,47.4722222222222,-62.5255555555556
2019-06-18,CASIER/CAGE - TRAP/POT,0,0,420,47.4972222222222,-64.1694444444445
2019-05-09,CASIER/CAGE - TRAP/POT,0,0,0,46.5108333333333,-62.5944444444444
2019-05-14,CASIER/CAGE - TRAP/POT,0,0,0,46.4994444444444,-62.5502777777778
2019-05-22,CASIER/CAGE - TRAP/POT,0,0,0,46.5061111111111,-62.5666666666667
2019-05-23,CASIER/CAGE - TRAP/POT,0,0,0,46.5041666666667,-62.5247222222222
2019-06-13,CASIER/CAGE - TRAP/POT,2,600,0,64.5083333333333,-48.2341666666667
2019-06-21,CASIER/CAGE - TRAP/POT,0,0,450,47.6122222222222,-62.8177777777778
2019-06-21,CASIER/CAGE - TRAP/POT,0,0,450,47.6197222222222,-62.8172222222222
2019-06-21,CASIER/CAGE - TRAP/POT,0,0,450,47.6138888888889,-62.8227777777778
2019-06-21,CASIER/CAGE - TRAP/POT,0,0,450,47.6063888888889,-62.8205555555556
2019-06-21,CASIER/CAGE - TRAP/POT,0,0,450,47.6219444444444,-62.8266666666667
2019-06-21,CASIER/CAGE - TRAP/POT,0,0,450,47.6083333333333,-62.8402777777778
2019-06-21,CASIER/CAGE - TRAP/POT,0,0,450,47.6125,-62.8305555555556
2019-06-21,CASIER/CAGE - TRAP/POT,0,0,450,47.6022222222222,-62.8441666666667
2019-06-21,CASIER/CAGE - TRAP/POT,0,0,450,47.6116666666667,-62.8261111111111
2019-06-21,CASIER/CAGE - TRAP/POT,0,0,450,47.6152777777778,-62.835
2019-06-10,CASIER/CAGE - TRAP/POT,0,0,450,47.7563888888889,-62.5963888888889
2019-06-25,CASIER/CAGE - TRAP/POT,0,0,450,47.4488888888889,-62.5441666666667
2019-06-21,CASIER/CAGE - TRAP/POT,8,0,96,47.0380555555556,-6.43527777777778
2019-07-03,CASIER/CAGE - TRAP/POT,1,0,0,44.7044444444444,-60.3536111111111
2019-07-02,CASIER/CAGE - TRAP/POT,1,0,50,50.1280555555556,-62.2969444444444
2019-06-26,CASIER/CAGE - TRAP/POT,4,0,1920,46.9730555555556,-62.4719444444444
2019-07-01,CASIER/CAGE - TRAP/POT,6,0,450,45.6558333333333,-61.6633333333333
2019-06-26,CASIER/CAGE - TRAP/POT,8,0,480,47.0127777777778,-6.51055555555556
2019-06-07,CASIER/CAGE - TRAP/POT,0,0,480,47.1013888888889,-60.5922222222222
2019-06-30,CASIER/CAGE - TRAP/POT,6,0,1500,14.9936111111111,-29.9425
2019-06-17,CASIER/CAGE - TRAP/POT,6,0,540,46.7522222222222,-63.9577777777778
2019-06-27,CASIER/CAGE - TRAP/POT,1,0,450,47.3861111111111,-62.4722222222222
2019-06-24,NON CONFIRME - UNCONFIRMED ,0,0,900,45.0855555555556,-59.2975
2019-06-24,NON CONFIRME - UNCONFIRMED ,0,0,900,45.0258333333333,-59.3175
2019-06-24,NON CONFIRME - UNCONFIRMED ,0,0,900,45.0697222222222,-59.235
2019-06-25,CASIER/CAGE - TRAP/POT,1,0,498,47.1613888888889,-62.8575
2019-07-03,CASIER/CAGE - TRAP/POT,1,0,3,46.5772222222222,-63.6008333333333
2019-07-10,CASIER/CAGE - TRAP/POT,1,0,600,44.83,-61.6513888888889
2019-07-04,CASIER/CAGE - TRAP/POT,0,0,750,49.9127777777778,-64.8672222222222
2019-07-04,CASIER/CAGE - TRAP/POT,0,0,750,50.05,-64.7783333333333
2019-07-04,CASIER/CAGE - TRAP/POT,0,0,750,49.8827777777778,-64.7219444444444
2019-07-03,CASIER/CAGE - TRAP/POT,0,0,750,50.0758333333333,-62.6897222222222
2019-06-26,CASIER/CAGE - TRAP/POT,1,0,450,47.2080555555556,-62.6752777777778
2019-07-12,CASIER/CAGE - TRAP/POT,1,0,120FM,46.9038888888889,-60.8736111111111
2019-07-08,CASIER/CAGE - TRAP/POT,1,0,750,46.8427777777778,-60.9388888888889
2019-07-12,CASIER/CAGE - TRAP/POT,1,0,720,46.9038888888889,-60.8736111111111
2019-05-27,CASIER/CAGE - TRAP/POT,1,0,95,47.0027777777778,-60.4555555555556
2019-06-28,CASIER/CAGE - TRAP/POT,2,0,1200,48.2683333333333,-64.5305555555556
2019-06-30,CASIER/CAGE - TRAP/POT,3,0,1170,47.3766666666667,-63.4225
2019-06-30,CASIER/CAGE - TRAP/POT,3,0,1170,47.1536111111111,-63.2658333333333
2019-06-30,CASIER/CAGE - TRAP/POT,3,0,1170,47.165,-63.235
2019-07-03,CASIER/CAGE - TRAP/POT,7,0,460,48.0261111111111,-64.3466666666667
2019-07-19,CASIER/CAGE - TRAP/POT,1,0,540,49.9791666666667,-61.1358333333333
2019-07-11,FILET - NET,1,12000,3600,53.0263888888889,-51.92
2019-06-10,CASIER/CAGE - TRAP/POT,1,0,0,46.5625,-63.6119444444444
2019-06-30,CASIER/CAGE - TRAP/POT,1,0,0,47.4563888888889,-6.38722222222222
2019-06-30,CASIER/CAGE - TRAP/POT,1,0,0,47.4,-6.52611111111111
2019-06-30,CASIER/CAGE - TRAP/POT,1,0,0,47.3408333333333,-6.51027777777778
2019-07-12,CASIER/CAGE - TRAP/POT,1,0,600,46.8747222222222,-60.885
2019-07-23,CASIER/CAGE - TRAP/POT,1,0,750,47.0919444444445,-60.5188888888889
2019-07-17,CASIER/CAGE - TRAP/POT,1,0,0,46.9025,-60.8627777777778
2019-07-10,CASIER/CAGE - TRAP/POT,2,0,0,47.0158333333333,-6.45277777777778
2019-05-24,CASIER/CAGE - TRAP/POT,6,0,580,46.1269444444444,-5.79444444444444
2019-07-10,FILET - NET,7,18 900,10 800,54.96,-53.7347222222222
2019-07-15,CASIER/CAGE - TRAP/POT,30,10,0,47.0144444444444,-60.5113888888889
2019-05-23,CASIER/CAGE - TRAP/POT,1,0,0,45.7741666666667,-61.5422222222222
2019-07-06,CASIER/CAGE - TRAP/POT,1,0,0,46.7269444444444,-61.2269444444444
2019-06-08,CASIER/CAGE - TRAP/POT,1,0,0,46.9616666666667,-64.8319444444444
2019-07-23,CASIER/CAGE - TRAP/POT,2,0,0,47.0663888888889,-60.5319444444444
2019-07-31,AUTRE - OTHER,1,0,250,47.5838888888889,-61.4527777777778
2019-06-27,CASIER/CAGE - TRAP/POT,1,0,450,47.3861111111111,-62.4722222222222
2019-07-15,CASIER/CAGE - TRAP/POT,8,0,360,47.0333333333333,-60.4166666666667
2019-07-19,CASIER/CAGE - TRAP/POT,41,0,2520,45.6397222222222,-55.8097222222222
2019-06-15,CASIER/CAGE - TRAP/POT,1,0,225,46.3408333333333,-61.5611111111111
2019-06-15,CASIER/CAGE - TRAP/POT,1,0,225,46.4644444444444,-61.3844444444444
2019-07-31,CASIER/CAGE - TRAP/POT,1,0,780,47.0941666666667,-60.4669444444444
2019-07-23,CASIER/CAGE - TRAP/POT,1,0,750,47.0919444444445,-60.5188888888889
2019-07-08,CASIER/CAGE - TRAP/POT,1,0,120,46.1961111111111,-60.8433333333333
2019-07-08,CASIER/CAGE - TRAP/POT,1,0,120,46.1947222222222,-60.8433333333333
2019-08-01,CASIER/CAGE - TRAP/POT,1,0,0,47.0505555555556,-60.4255555555556
2019-08-04,AUTRE - OTHER,1,140,360,48.5283333333333,-62.1005555555556
2019-08-12,CASIER/CAGE - TRAP/POT,1,4,100,46.5022222222222,-64.3522222222222
2019-08-14,CASIER/CAGE - TRAP/POT,2,0,260,46.2158333333333,-63.7316666666667
2019-08-16,CASIER/CAGE - TRAP/POT,2,0,150,46.5811111111111,-64.4713888888889
2019-08-07,CASIER/CAGE - TRAP/POT,90,0,9720,46.7388888888889,-53.0030555555556
2019-07-11,FILET - NET,3,27000,4500,54.905,-53.6105555555556
2019-08-19,CASIER/CAGE - TRAP/POT,2,0,260,46.0736111111111,-63.5738888888889
2019-08-19,CASIER/CAGE - TRAP/POT,2,0,260,46.0738888888889,-63.5727777777778
2019-08-16,CASIER/CAGE - TRAP/POT,1,0,160,45.9169444444444,-62.5175
2019-08-16,CASIER/CAGE - TRAP/POT,1,0,160,45.9197222222222,-62.5880555555556
2019-08-16,CASIER/CAGE - TRAP/POT,1,0,160,45.9194444444444,-62.2722222222222
2019-08-16,CASIER/CAGE - TRAP/POT,1,0,160,45.9036111111111,-62.4052777777778
2019-08-21,LONGLINE-PALANGNE,1,0,150,46.6563888888889,-63.5969444444444
2019-08-15,CASIER/CAGE - TRAP/POT,1,0,0,14.9127777777778,-30.7108333333333
2019-08-24,CASIER/CAGE - TRAP/POT,1,0,700,49.4166666666667,-61.4166666666667
2019-08-15,CASIER/CAGE - TRAP/POT,0,0,100,46.3055555555556,-64.2377777777778
2019-08-19,CASIER/CAGE - TRAP/POT,1,0,120,49.0447222222222,-64.4516666666667
2019-04-26,CASIER/CAGE - TRAP/POT,7,0,450,47.4925,-60.5208333333333
2019-04-29,FILET - NET,4,1200,1200,49.9888888888889,-66.1883333333333
2019-08-27,LONGLINE-PALANGNE,1,0,750,48.5125,-63.1527777777778
2019-05-17,NON CONFIRME - UNCONFIRMED ,1,0,0,47.6188888888889,-61.2386111111111
2019-05-16,CASIER/CAGE - TRAP/POT,1,0,0,48.0891666666667,-63.5761111111111
2019-09-03,CASIER/CAGE - TRAP/POT,1,0,100,46.3047222222222,-64.2413888888889
2019-09-05,CASIER/CAGE - TRAP/POT,2,0,260,46.1041666666667,-63.5183333333333
2019-08-29,CASIER/CAGE - TRAP/POT,5,0,750,46.3705555555556,-64.3677777777778
2019-08-28,CASIER/CAGE - TRAP/POT,0,0,240,46.0908333333333,-63.6666666666667
2019-08-24,CASIER/CAGE - TRAP/POT,2,0,300,46.3044444444444,-63.8602777777778
2019-08-14,CASIER/CAGE - TRAP/POT,1,0,750,50.7080555555556,-5.22277777777778
2019-08-14,CASIER/CAGE - TRAP/POT,1,0,750,50.7094444444445,-5.23638888888889
2019-08-14,CASIER/CAGE - TRAP/POT,1,0,750,50.6483333333333,-5.335
2019-09-03,CASIER/CAGE - TRAP/POT,1,0,5,46.3394444444444,-6.45027777777778
2019-09-07,CASIER/CAGE - TRAP/POT,2,0,260,46.1025,-63.5241666666667
2019-09-07,CASIER/CAGE - TRAP/POT,2,0,260,46.095,-63.5169444444444
2019-09-07,CASIER/CAGE - TRAP/POT,2,0,260,46.0827777777778,-63.5519444444444
2019-09-07,CASIER/CAGE - TRAP/POT,4,0,520,46.1555555555556,-46.1430555555556
2019-09-07,CASIER/CAGE - TRAP/POT,4,0,520,64.1561111111111,-64.1691666666667
2019-09-07,CASIER/CAGE - TRAP/POT,2,0,0,46.2919444444444,-64.2877777777778
2019-09-07,CASIER/CAGE - TRAP/POT,2,0,0,46.3205555555556,-64.2527777777778
2019-09-07,CASIER/CAGE - TRAP/POT,4,0,520,46.2363888888889,-64.1344444444445
2019-09-07,CASIER/CAGE - TRAP/POT,4,0,520,46.3144444444444,-64.1377777777778
2019-09-07,CASIER/CAGE - TRAP/POT,4,0,520,46.2433333333333,-64.2083333333333
2019-09-07,CASIER/CAGE - TRAP/POT,4,0,520,46.1888888888889,-64.2044444444444
2019-09-07,CASIER/CAGE - TRAP/POT,25,0,4200,46.2775,-64.3627777777778
2019-07-20,FILET - NET,14,4200,1200,49.1166666666667,-67.0552777777778
2019-09-06,CASIER/CAGE - TRAP/POT,3,0,300,46.3269444444444,-64.2294444444444
2019-09-06,CASIER/CAGE - TRAP/POT,6,0,400,46.1158333333333,-63.6372222222222
2019-09-07,CASIER/CAGE - TRAP/POT,4,0,200,45.9822222222222,-63.6261111111111
2019-09-16,CASIER/CAGE - TRAP/POT,2,0,260,46.0888888888889,-63.5291666666667
2019-09-10,AUTRE - OTHER,0,0,0,48.0883333333333,-64.2213888888889
2019-09-06,CASIER/CAGE - TRAP/POT,3,0,200,46.1402777777778,-63.6408333333333
2019-09-06,CASIER/CAGE - TRAP/POT,3,0,200,46.1475,-63.6377777777778
2019-09-06,CASIER/CAGE - TRAP/POT,3,0,200,46.1491666666667,-63.6372222222222
2019-09-18,CASIER/CAGE - TRAP/POT,2,0,0,46.0005555555556,-63.6108333333333
2019-09-13,CASIER/CAGE - TRAP/POT,2,0,70,46.5972222222222,-64.4830555555556
2019-09-13,CASIER/CAGE - TRAP/POT,2,0,70,46.72,-64.5805555555555
2019-09-13,CASIER/CAGE - TRAP/POT,2,0,70,46.7183333333333,-64.3972222222222
2019-09-13,CASIER/CAGE - TRAP/POT,2,0,70,46.5022222222222,-64.3972222222222
2019-09-13,CASIER/CAGE - TRAP/POT,2,0,70,46.6147222222222,-64.5275
2019-09-13,CASIER/CAGE - TRAP/POT,2,0,70,46.5861111111111,-64.4055555555556
2019-09-13,CASIER/CAGE - TRAP/POT,2,0,70,46.5727777777778,-64.5080555555556
2019-09-13,CASIER/CAGE - TRAP/POT,2,0,70,46.5980555555556,-64.4955555555556
2019-09-12,CASIER/CAGE - TRAP/POT,2,0,70,46.7288888888889,-64.5072222222222
2019-09-12,CASIER/CAGE - TRAP/POT,2,0,70,46.6716666666667,-64.5219444444444
2019-09-12,CASIER/CAGE - TRAP/POT,2,0,70,46.6180555555556,-64.5216666666667
2019-09-10,CASIER/CAGE - TRAP/POT,2,0,70,46.6416666666667,-64.5388888888889
2019-09-10,CASIER/CAGE - TRAP/POT,2,0,70,46.5597222222222,-64.4436111111111
2019-09-10,CASIER/CAGE - TRAP/POT,2,0,70,46.5597222222222,-64.4044444444445
2019-09-10,CASIER/CAGE - TRAP/POT,2,0,70,46.6108333333333,-64.4444444444444
2019-09-10,CASIER/CAGE - TRAP/POT,2,0,70,46.6,-64.4377777777778
2019-09-12,CASIER/CAGE - TRAP/POT,1,0,70,46.6138888888889,-64.5580555555556
2019-09-12,CASIER/CAGE - TRAP/POT,1,0,70,46.5938888888889,-64.5677777777778
2019-09-12,CASIER/CAGE - TRAP/POT,1,0,70,46.5938888888889,-64.5677777777778
2019-09-12,CASIER/CAGE - TRAP/POT,2,0,70,46.6102777777778,-64.6336111111111
2019-09-09,CASIER/CAGE - TRAP/POT,3,0,70,46.5316666666667,-64.5088888888889
2019-09-09,CASIER/CAGE - TRAP/POT,1,0,70,46.5547222222222,-64.62
2019-09-09,CASIER/CAGE - TRAP/POT,1,0,70,46.6269444444444,-64.5577777777778
2019-09-09,CASIER/CAGE - TRAP/POT,4,0,70,46.5380555555556,-64.5252777777778
2019-09-05,CASIER/CAGE - TRAP/POT,8,0,420,46.4241666666667,-64.3252777777778
2019-09-07,CASIER/CAGE - TRAP/POT,2,0,300,46.2544444444444,-63.7813888888889
2019-09-07,CASIER/CAGE - TRAP/POT,2,0,300,46.2505555555556,-63.7755555555556
2019-09-19,CASIER/CAGE - TRAP/POT,2,0,300,46.1630555555556,-63.7080555555556
2019-09-19,CASIER/CAGE - TRAP/POT,2,0,300,46.165,-63.7188888888889
2019-09-19,CASIER/CAGE - TRAP/POT,2,0,300,46.0961111111111,-63.6255555555556
2019-09-19,CASIER/CAGE - TRAP/POT,2,0,300,46.1405555555556,-63.6844444444444
2019-09-18,CASIER/CAGE - TRAP/POT,1,80,90,42.2819444444444,-66.4408333333333
2019-09-07,CASIER/CAGE - TRAP/POT,7,0,1100,46.1041666666667,-63.6711111111111
2019-09-11,CASIER/CAGE - TRAP/POT,1,0,0,46.8855555555556,-64.8902777777778
2019-09-06,CASIER/CAGE - TRAP/POT,12,0,1728,46.1830555555556,-63.7775
2019-09-06,CASIER/CAGE - TRAP/POT,1,0,130,46.3086111111111,-63.9397222222222
2019-08-20,CASIER/CAGE - TRAP/POT,5,0,220,46.75,-64.8130555555556
2019-09-20,CASIER/CAGE - TRAP/POT,1,0,5,46.3263888888889,-64.4508333333333
2019-09-16,CASIER/CAGE - TRAP/POT,1,0,0,47.4522222222222,-39.185
2019-09-15,CASIER/CAGE - TRAP/POT,4,0,10,46.3055555555556,-60.5061111111111
2019-09-21,CASIER/CAGE - TRAP/POT,13,0,1200,46.1236111111111,-63.53
2019-09-28,LONGLINE-PALANGNE,0,0,4000,45.8708333333333,-61.7855555555556
2019-10-01,AUTRE - OTHER,0,8,0,43.3191666666667,-66.0436111111111
2019-09-20,CASIER/CAGE - TRAP/POT,3,0,100,46.6725,-64.5036111111111
2019-09-18,CASIER/CAGE - TRAP/POT,1,0,0,46.6952777777778,-64.5116666666667
2019-10-01,LONGLINE-PALANGNE,2,0,1200,46.2675,-62.0191666666667
2019-02-10,CASIER/CAGE - TRAP/POT,5,0,0,46.8547222222222,-64.6738888888889
2019-09-06,CASIER/CAGE - TRAP/POT,26,0,3080,46.39,-64.4588888888889
2019-09-06,CASIER/CAGE - TRAP/POT,26,0,3080,46.3077777777778,-64.465
2019-09-06,CASIER/CAGE - TRAP/POT,25,0,3080,46.5669444444444,-64.1927777777778
2019-09-12,CASIER/CAGE - TRAP/POT,19,0,2470,46.2522222222222,-64.0602777777778
2019-08-31,CASIER/CAGE - TRAP/POT,1,0,0,46.1816666666667,-63.6663888888889
2019-09-28,CASIER/CAGE - TRAP/POT,1,0,0,46.1688888888889,-63.6588888888889
2019-09-10,CASIER/CAGE - TRAP/POT,1,0,0,46.1538888888889,-63.5561111111111
2019-09-12,CASIER/CAGE - TRAP/POT,1,0,0,46.1727777777778,-63.6563888888889
2019-10-09,CASIER/CAGE - TRAP/POT,2,0,40,46.3105555555556,-64.0625
2019-10-08,CASIER/CAGE - TRAP/POT,1,0,70,46.5361111111111,-64.4608333333333
2019-10-08,CASIER/CAGE - TRAP/POT,2,0,70,46.5291666666667,-64.4338888888889
2019-10-08,CASIER/CAGE - TRAP/POT,1,0,70,46.6269444444444,-64.5886111111111
2019-10-08,CASIER/CAGE - TRAP/POT,2,0,70,46.5388888888889,-64.4522222222222
2019-10-08,CASIER/CAGE - TRAP/POT,2,0,70,46.6272222222222,-64.6002777777778
2019-10-08,CASIER/CAGE - TRAP/POT,1,0,70,46.6913888888889,-64.575
2019-10-08,CASIER/CAGE - TRAP/POT,2,0,70,46.5388888888889,-64.4522222222222
2019-10-08,CASIER/CAGE - TRAP/POT,1,0,70,46.6913888888889,-64.575
2019-10-08,CASIER/CAGE - TRAP/POT,3,0,70,46.6913888888889,-64.575
2019-10-08,CASIER/CAGE - TRAP/POT,2,0,70,46.5388888888889,-64.4522222222222
2019-10-08,CASIER/CAGE - TRAP/POT,2,0,70,46.6777777777778,-64.6883333333333
2019-10-08,CASIER/CAGE - TRAP/POT,2,0,70,46.6272222222222,-64.6002777777778
2019-10-08,CASIER/CAGE - TRAP/POT,1,0,70,46.6777777777778,-64.6883333333333
2019-10-08,CASIER/CAGE - TRAP/POT,2,0,70,46.6944444444444,-64.6766666666667
2019-10-08,CASIER/CAGE - TRAP/POT,3,0,70,46.6944444444444,-64.6766666666667
2019-10-06,CASIER/CAGE - TRAP/POT,3,0,70,46.6944444444444,-64.6766666666667
2019-10-06,CASIER/CAGE - TRAP/POT,3,0,70,46.6944444444444,-64.6766666666667
2019-10-06,CASIER/CAGE - TRAP/POT,3,0,70,46.6913888888889,-64.575
2019-09-27,CASIER/CAGE - TRAP/POT,3,0,70,46.6777777777778,-64.6883333333333
2019-09-27,CASIER/CAGE - TRAP/POT,3,0,70,46.6269444444444,-64.5886111111111
2019-10-06,CASIER/CAGE - TRAP/POT,1,0,70,46.5388888888889,-64.4522222222222
2019-10-06,CASIER/CAGE - TRAP/POT,2,0,70,46.5291666666667,-64.4338888888889
2019-09-27,CASIER/CAGE - TRAP/POT,3,0,70,46.6608333333333,-64.57
2019-10-06,CASIER/CAGE - TRAP/POT,2,0,70,46.5622222222222,-64.4905555555556
2019-09-27,CASIER/CAGE - TRAP/POT,1,0,70,46.6272222222222,-64.6002777777778
2019-09-27,CASIER/CAGE - TRAP/POT,1,0,70,46.5388888888889,-64.4522222222222
2019-09-27,CASIER/CAGE - TRAP/POT,1,0,70,46.5361111111111,-64.4608333333333
2019-09-27,CASIER/CAGE - TRAP/POT,1,0,70,46.6016666666667,-64.5605555555556
2019-10-08,CASIER/CAGE - TRAP/POT,2,0,70,46.6169444444444,-64.5266666666667
2019-10-08,CASIER/CAGE - TRAP/POT,2,0,70,46.7188888888889,-64.5852777777778
2019-10-08,CASIER/CAGE - TRAP/POT,2,0,70,46.5388888888889,-64.4522222222222
2019-10-08,CASIER/CAGE - TRAP/POT,2,0,70,46.7188888888889,-64.5852777777778
2019-10-08,CASIER/CAGE - TRAP/POT,2,0,70,46.6272222222222,-64.6002777777778
2019-10-06,CASIER/CAGE - TRAP/POT,2,0,70,46.6944444444444,-64.6766666666667
2019-10-08,CASIER/CAGE - TRAP/POT,2,0,70,46.6169444444444,-64.5266666666667
2019-10-08,CASIER/CAGE - TRAP/POT,2,0,70,46.7188888888889,-64.5852777777778
2019-09-07,CASIER/CAGE - TRAP/POT,1,0,5,46.3252777777778,-64.5155555555556
2019-08-10,CASIER/CAGE - TRAP/POT,22,0,0,46.2844444444444,-63.8858333333333
2019-10-08,CASIER/CAGE - TRAP/POT,4,0,70,46.5952777777778,-64.5513888888889
2019-10-08,CASIER/CAGE - TRAP/POT,1,0,70,46.5255555555556,-64.4697222222222
2019-10-09,CASIER/CAGE - TRAP/POT,2,0,60,46.1683333333333,-63.6775
2019-10-09,LONGLINE-PALANGNE,1,0,6000,47.1252777777778,-60.5561111111111
2019-10-09,LONGLINE-PALANGNE,1,0,10800,47.0961111111111,-60.5608333333333
2019-10-08,CASIER/CAGE - TRAP/POT,4,0,336,46.0180555555556,-63.7538888888889
2019-10-08,CASIER/CAGE - TRAP/POT,1,0,220,46.0980555555556,-63.65
2019-10-08,CASIER/CAGE - TRAP/POT,1,0,220,45.9316666666667,-63.7463888888889
2019-10-08,CASIER/CAGE - TRAP/POT,1,0,220,46.1166666666667,-63.6269444444444
2019-10-08,CASIER/CAGE - TRAP/POT,1,0,220,45.9936111111111,-63.6191666666667
2019-10-08,CASIER/CAGE - TRAP/POT,1,0,220,46.105,-63.6583333333333
2019-10-08,CASIER/CAGE - TRAP/POT,1,0,220,46.0022222222222,-63.6069444444444
2019-10-08,CASIER/CAGE - TRAP/POT,1,0,220,46.0569444444444,-63.5702777777778
2019-10-08,CASIER/CAGE - TRAP/POT,1,0,220,46.0644444444444,-63.6555555555556
2019-10-08,CASIER/CAGE - TRAP/POT,1,0,220,46.0602777777778,-63.5769444444444
2019-10-08,CASIER/CAGE - TRAP/POT,1,0,220,46.0711111111111,-63.6208333333333
2019-10-08,CASIER/CAGE - TRAP/POT,1,0,220,46.0875,-63.5411111111111
2019-10-08,CASIER/CAGE - TRAP/POT,1,0,220,45.9791666666667,-63.8413888888889
2019-08-08,CASIER/CAGE - TRAP/POT,50,0,4625,46.6161111111111,-64.4594444444444
2019-08-09,CASIER/CAGE - TRAP/POT,1,0,200,46.6102777777778,-64.4094444444444
2019-08-09,CASIER/CAGE - TRAP/POT,1,0,200,46.6894444444444,-64.4572222222222
2019-08-09,CASIER/CAGE - TRAP/POT,1,0,200,46.655,-64.4275
2019-08-09,CASIER/CAGE - TRAP/POT,1,0,200,46.6177777777778,-64.4186111111111
2019-08-09,CASIER/CAGE - TRAP/POT,1,0,200,46.6116666666667,-64.4122222222222
2019-08-09,CASIER/CAGE - TRAP/POT,1,0,200,46.6102777777778,-64.4094444444444
2019-08-09,CASIER/CAGE - TRAP/POT,1,0,200,46.6052777777778,-64.3977777777778
2019-08-09,CASIER/CAGE - TRAP/POT,1,0,200,46.6069444444444,-64.3797222222222
2019-08-09,CASIER/CAGE - TRAP/POT,1,0,200,46.5936111111111,-64.3772222222222
2019-08-09,CASIER/CAGE - TRAP/POT,1,0,200,46.5563888888889,-64.3319444444444
2019-08-09,CASIER/CAGE - TRAP/POT,1,0,200,46.5366666666667,-64.2872222222222
2019-10-07,CASIER/CAGE - TRAP/POT,1,0,144,46.2047222222222,-63.7280555555556
2019-08-10,CASIER/CAGE - TRAP/POT,25,0,3654,46.7372222222222,-64.6769444444444
2012-08-08,CASIER/CAGE - TRAP/POT,16,0,180,46.5688888888889,-64.2852777777778
2012-08-08,CASIER/CAGE - TRAP/POT,16,0,180,46.5805555555556,-64.3036111111111
2012-08-08,CASIER/CAGE - TRAP/POT,16,0,180,46.6041666666667,-64.39
2012-08-08,CASIER/CAGE - TRAP/POT,16,0,180,46.6172222222222,-64.3961111111111
2012-08-08,CASIER/CAGE - TRAP/POT,16,0,180,46.6258333333333,-64.4061111111111
2012-08-08,CASIER/CAGE - TRAP/POT,16,0,180,46.5941666666667,-64.4069444444444
2012-08-08,CASIER/CAGE - TRAP/POT,16,0,180,46.5777777777778,-64.4080555555556
2012-08-08,CASIER/CAGE - TRAP/POT,16,0,180,46.5777777777778,-64.3172222222222
2019-09-20,CASIER/CAGE - TRAP/POT,1,0,100,46.9458333333333,-64.4875
2019-10-09,CASIER/CAGE - TRAP/POT,0,0,0,46.5941666666667,-64.3336111111111
2019-10-09,CASIER/CAGE - TRAP/POT,0,0,0,46.5958333333333,-64.3363888888889
2019-10-09,CASIER/CAGE - TRAP/POT,0,0,0,46.5922222222222,-64.3752777777778
2019-10-09,CASIER/CAGE - TRAP/POT,0,0,0,46.5841666666667,-64.3788888888889
2019-10-09,CASIER/CAGE - TRAP/POT,0,0,0,46.5675,-64.3894444444444
2019-10-09,CASIER/CAGE - TRAP/POT,0,0,0,46.5775,-64.3811111111111
2019-10-09,CASIER/CAGE - TRAP/POT,0,0,0,46.575,-64.3830555555555
2019-10-09,CASIER/CAGE - TRAP/POT,0,0,0,46.5911111111111,-64.3866666666667
2019-10-09,CASIER/CAGE - TRAP/POT,0,0,0,46.5844444444444,-64.4272222222222
2019-10-09,CASIER/CAGE - TRAP/POT,0,0,0,46.59,-64.4075
2019-10-09,CASIER/CAGE - TRAP/POT,0,0,0,46.6005555555556,-64.4291666666667
2019-10-09,CASIER/CAGE - TRAP/POT,0,0,0,46.6444444444444,-64.4697222222222
2019-10-07,CASIER/CAGE - TRAP/POT,1,0,150,46.2197222222222,-63.7188888888889
2019-10-09,CASIER/CAGE - TRAP/POT,4,0,150,46.2491666666667,-63.7866666666667
2019-10-09,CASIER/CAGE - TRAP/POT,1,0,120,46.2391666666667,-63.9083333333333
2019-10-09,CASIER/CAGE - TRAP/POT,2,0,60,46.2308333333333,-63.7483333333333
2019-10-09,CASIER/CAGE - TRAP/POT,2,0,60,46.2344444444444,-63.7047222222222
2019-09-09,CASIER/CAGE - TRAP/POT,7,0,0,46.2330555555556,-63.8897222222222
2019-10-01,FILET - NET,0,150,150,49.6263888888889,-55.5708333333333
2019-10-04,CASIER/CAGE - TRAP/POT,40,0,4000,46.7188888888889,-64.7094444444444
2019-09-20,CASIER/CAGE - TRAP/POT,5,0,500,46.3072222222222,-64.1625
2019-10-25,CASIER/CAGE - TRAP/POT,15,0,2220,44.7444444444444,-65.7838888888889
2019-10-01,FILET - NET,3,2/6,0,47.3627777777778,-62.0586111111111
2019-08-30,CASIER/CAGE - TRAP/POT,1,0,45,46.2711111111111,-64.0594444444444
2019-08-30,CASIER/CAGE - TRAP/POT,1,0,45,46.2911111111111,-64.0441666666667
2019-08-30,CASIER/CAGE - TRAP/POT,1,0,45,46.3305555555556,-64.0975
2019-08-30,CASIER/CAGE - TRAP/POT,1,0,45,46.3269444444444,-64.1344444444445
2019-08-30,CASIER/CAGE - TRAP/POT,1,0,45,46.3463888888889,-64.2441666666667
2019-08-30,CASIER/CAGE - TRAP/POT,1,0,45,46.365,-64.2238888888889
2019-08-30,CASIER/CAGE - TRAP/POT,1,0,45,46.2888888888889,-64.1908333333333
2019-08-30,CASIER/CAGE - TRAP/POT,1,0,45,46.3080555555556,-64.1602777777778
2019-08-30,CASIER/CAGE - TRAP/POT,1,0,45,46.2544444444444,-64.1830555555556
2019-08-30,CASIER/CAGE - TRAP/POT,1,0,45,46.2752777777778,-64.1655555555556
2019-08-30,CASIER/CAGE - TRAP/POT,1,0,45,46.3008333333333,-64.2480555555556
2019-08-30,CASIER/CAGE - TRAP/POT,1,0,45,46.3155555555556,-64.225
2019-10-08,CASIER/CAGE - TRAP/POT,1,0,150,46.36,-64.0944444444444
2019-10-08,CASIER/CAGE - TRAP/POT,1,0,150,46.2483333333333,-63.7172222222222
2019-10-08,CASIER/CAGE - TRAP/POT,1,0,150,46.3355555555556,-63.9916666666667
2019-10-08,CASIER/CAGE - TRAP/POT,1,0,150,46.2891666666667,-63.9997222222222
2019-10-08,CASIER/CAGE - TRAP/POT,1,0,150,46.255,-63.7197222222222
2019-10-08,CASIER/CAGE - TRAP/POT,1,0,150,46.3244444444444,-64.0275
2019-09-10,CASIER/CAGE - TRAP/POT,3,0,0,46.2308333333333,-64.0672222222222
2019-08-29,CASIER/CAGE - TRAP/POT,1,0,150,46.4802777777778,-64.4433333333333
2019-08-29,CASIER/CAGE - TRAP/POT,1,0,150,46.4788888888889,-64.4397222222222
2019-08-29,CASIER/CAGE - TRAP/POT,1,0,150,46.4972222222222,-64.4563888888889
2019-08-29,CASIER/CAGE - TRAP/POT,1,0,150,46.5419444444444,-64.4616666666667
2019-08-29,CASIER/CAGE - TRAP/POT,1,0,150,46.5055555555556,-64.3802777777778
2019-08-29,CASIER/CAGE - TRAP/POT,1,0,150,46.5066666666667,-64.3841666666667
2019-10-05,CASIER/CAGE - TRAP/POT,1,0,142.86,46.5269444444444,-64.4355555555556
2019-10-05,CASIER/CAGE - TRAP/POT,1,0,142.86,46.4994444444444,-64.4113888888889
2019-10-05,CASIER/CAGE - TRAP/POT,1,0,142.86,46.4633333333333,-64.4180555555556
2019-10-05,CASIER/CAGE - TRAP/POT,1,0,142.86,46.5161111111111,-64.46
2019-10-05,CASIER/CAGE - TRAP/POT,1,0,142.86,46.5511111111111,-64.4933333333333
2019-10-05,CASIER/CAGE - TRAP/POT,1,0,142.86,46.5077777777778,-64.3725
2019-10-05,CASIER/CAGE - TRAP/POT,1,0,142.86,46.5102777777778,-64.3958333333333
2019-08-18,CASIER/CAGE - TRAP/POT,1,0,150,46.4338888888889,-64.4238888888889
2019-08-18,CASIER/CAGE - TRAP/POT,1,0,150,46.5416666666667,-64.4925
2019-08-18,CASIER/CAGE - TRAP/POT,1,0,150,46.5013888888889,-64.3880555555556
2019-10-09,LONGLINE-PALANGNE,2,0,0,47.1422222222222,-60.5766666666667
2019-09-28,LONGLINE-PALANGNE,2,0,0,45.855,-61.7863888888889
2019-11-21,AUTRE - OTHER,1,175,0,44.4961111111111,-66.4513888888889
2019-11-14,CASIER/CAGE - TRAP/POT,1,0,480,44.3841666666667,-63.4241666666667
2019-09-17,CASIER/CAGE - TRAP/POT,7,0,1000,46.5658333333333,-64.4244444444444
2019-11-30,CASIER/CAGE - TRAP/POT,4,0,0,43.25,-66.0777777777778
2019-12-01,CASIER/CAGE - TRAP/POT,0,0,0,42.9483333333333,-66.1008333333333
2019-11-27,CASIER/CAGE - TRAP/POT,1,0,0,43.5119444444444,-66.8408333333333
